subscription_id,customer_id,plan_type,seats,monthly_value,start_date,end_date,status,change_reason
SUB_CUST_0001_1,CUST_0001,Starter,5,40,2022-06-22,2022-09-12,Ended,New Customer
SUB_CUST_0001_2,CUST_0001,Starter,5,40,2022-09-12,2022-10-28,Ended,Remove Seats
SUB_CUST_0001_3,CUST_0001,Professional,5,75,2022-10-28,2023-08-12,Ended,Upgrade Plan
SUB_CUST_0001_4,CUST_0001,Professional,5,75,2023-08-12,,Active,Remove Seats
SUB_CUST_0002_1,CUST_0002,Starter,25,200,2023-10-14,2023-11-16,Ended,New Customer
SUB_CUST_0002_2,CUST_0002,Starter,0,0,2023-11-16,,Churned,Customer Churn
SUB_CUST_0003_1,CUST_0003,Professional,10,150,2022-09-06,2023-03-27,Ended,New Customer
SUB_CUST_0003_2,CUST_0003,Enterprise,10,250,2023-03-27,2023-10-26,Ended,Upgrade Plan
SUB_CUST_0003_3,CUST_0003,Enterprise,0,0,2023-10-26,,Churned,Customer Churn
SUB_CUST_0004_1,CUST_0004,Enterprise,25,625,2023-02-15,2023-09-26,Ended,New Customer
SUB_CUST_0004_2,CUST_0004,Enterprise,25,625,2023-09-26,,Active,Upgrade Plan
SUB_CUST_0005_1,CUST_0005,Professional,25,375,2023-07-16,,Active,New Customer
SUB_CUST_0006_1,CUST_0006,Professional,500,7500,2022-12-21,2023-03-12,Ended,New Customer
SUB_CUST_0006_2,CUST_0006,Professional,510,7650,2023-03-12,2023-10-14,Ended,Add Seats
SUB_CUST_0006_3,CUST_0006,Professional,520,7800,2023-10-14,2024-03-28,Ended,Add Seats
SUB_CUST_0006_4,CUST_0006,Professional,0,0,2024-03-28,,Churned,Customer Churn
SUB_CUST_0007_1,CUST_0007,Professional,5,75,2022-04-21,2022-08-12,Ended,New Customer
SUB_CUST_0007_2,CUST_0007,Starter,5,40,2022-08-12,2023-08-04,Ended,Downgrade Plan
SUB_CUST_0007_3,CUST_0007,Starter,5,40,2023-08-04,2023-10-01,Ended,Remove Seats
SUB_CUST_0007_4,CUST_0007,Starter,10,80,2023-10-01,2024-05-23,Ended,Add Seats
SUB_CUST_0007_5,CUST_0007,Starter,15,120,2024-05-23,,Active,Add Seats
SUB_CUST_0008_1,CUST_0008,Starter,10,80,2023-05-04,2024-04-27,Ended,New Customer
SUB_CUST_0008_2,CUST_0008,Starter,10,80,2024-04-27,,Active,Downgrade Plan
SUB_CUST_0009_1,CUST_0009,Professional,10,150,2023-02-13,2023-09-16,Ended,New Customer
SUB_CUST_0009_2,CUST_0009,Professional,15,225,2023-09-16,2023-12-01,Ended,Add Seats
SUB_CUST_0009_3,CUST_0009,Professional,0,0,2023-12-01,,Churned,Customer Churn
SUB_CUST_0010_1,CUST_0010,Starter,5,40,2022-06-20,2023-05-21,Ended,New Customer
SUB_CUST_0010_2,CUST_0010,Professional,5,75,2023-05-21,2024-02-14,Ended,Upgrade Plan
SUB_CUST_0010_3,CUST_0010,Professional,5,75,2024-02-14,2024-05-12,Ended,Remove Seats
SUB_CUST_0010_4,CUST_0010,Professional,5,75,2024-05-12,,Active,Remove Seats
SUB_CUST_0011_1,CUST_0011,Starter,5,40,2022-06-23,,Active,New Customer
SUB_CUST_0012_1,CUST_0012,Enterprise,50,1250,2023-02-14,2023-05-09,Ended,New Customer
SUB_CUST_0012_2,CUST_0012,Enterprise,0,0,2023-05-09,,Churned,Customer Churn
SUB_CUST_0013_1,CUST_0013,Enterprise,10,250,2023-04-09,2023-11-16,Ended,New Customer
SUB_CUST_0013_2,CUST_0013,Enterprise,0,0,2023-11-16,,Churned,Customer Churn
SUB_CUST_0014_1,CUST_0014,Professional,10,150,2022-01-01,2022-08-04,Ended,New Customer
SUB_CUST_0014_2,CUST_0014,Professional,0,0,2022-08-04,,Churned,Customer Churn
SUB_CUST_0015_1,CUST_0015,Starter,5,40,2023-04-23,2023-07-02,Ended,New Customer
SUB_CUST_0015_2,CUST_0015,Professional,5,75,2023-07-02,2023-09-05,Ended,Upgrade Plan
SUB_CUST_0015_3,CUST_0015,Professional,0,0,2023-09-05,,Churned,Customer Churn
SUB_CUST_0016_1,CUST_0016,Starter,10,80,2022-07-15,2022-12-27,Ended,New Customer
SUB_CUST_0016_2,CUST_0016,Starter,5,40,2022-12-27,2023-10-29,Ended,Remove Seats
SUB_CUST_0016_3,CUST_0016,Starter,0,0,2023-10-29,,Churned,Customer Churn
SUB_CUST_0017_1,CUST_0017,Professional,10,150,2022-11-09,2023-06-18,Ended,New Customer
SUB_CUST_0017_2,CUST_0017,Starter,10,80,2023-06-18,2023-09-17,Ended,Downgrade Plan
SUB_CUST_0017_3,CUST_0017,Starter,15,120,2023-09-17,,Active,Add Seats
SUB_CUST_0018_1,CUST_0018,Professional,5,75,2022-12-24,2023-02-22,Ended,New Customer
SUB_CUST_0018_2,CUST_0018,Professional,10,150,2023-02-22,2023-04-29,Ended,Add Seats
SUB_CUST_0018_3,CUST_0018,Professional,5,75,2023-04-29,2023-09-15,Ended,Remove Seats
SUB_CUST_0018_4,CUST_0018,Professional,5,75,2023-09-15,,Active,Remove Seats
SUB_CUST_0019_1,CUST_0019,Starter,5,40,2023-09-25,2024-05-28,Ended,New Customer
SUB_CUST_0019_2,CUST_0019,Starter,5,40,2024-05-28,,Active,Downgrade Plan
SUB_CUST_0020_1,CUST_0020,Starter,25,200,2022-06-02,2022-08-26,Ended,New Customer
SUB_CUST_0020_2,CUST_0020,Starter,30,240,2022-08-26,2022-12-05,Ended,Add Seats
SUB_CUST_0020_3,CUST_0020,Starter,30,240,2022-12-05,2023-05-11,Ended,Downgrade Plan
SUB_CUST_0020_4,CUST_0020,Starter,0,0,2023-05-11,,Churned,Customer Churn
SUB_CUST_0021_1,CUST_0021,Starter,50,400,2022-04-28,2022-06-22,Ended,New Customer
SUB_CUST_0021_2,CUST_0021,Starter,45,360,2022-06-22,2022-11-20,Ended,Remove Seats
SUB_CUST_0021_3,CUST_0021,Starter,55,440,2022-11-20,2023-07-13,Ended,Add Seats
SUB_CUST_0021_4,CUST_0021,Starter,0,0,2023-07-13,,Churned,Customer Churn
SUB_CUST_0022_1,CUST_0022,Starter,500,4000,2022-09-13,2023-06-02,Ended,New Customer
SUB_CUST_0022_2,CUST_0022,Starter,525,4200,2023-06-02,2024-04-11,Ended,Add Seats
SUB_CUST_0022_3,CUST_0022,Starter,515,4120,2024-04-11,,Active,Remove Seats
SUB_CUST_0023_1,CUST_0023,Enterprise,25,625,2022-12-05,2023-06-13,Ended,New Customer
SUB_CUST_0023_2,CUST_0023,Enterprise,25,625,2023-06-13,2024-03-26,Ended,Upgrade Plan
SUB_CUST_0023_3,CUST_0023,Enterprise,0,0,2024-03-26,,Churned,Customer Churn
SUB_CUST_0024_1,CUST_0024,Starter,10,80,2022-09-02,2022-11-06,Ended,New Customer
SUB_CUST_0024_2,CUST_0024,Starter,5,40,2022-11-06,2023-09-23,Ended,Remove Seats
SUB_CUST_0024_3,CUST_0024,Starter,30,240,2023-09-23,,Active,Add Seats
SUB_CUST_0025_1,CUST_0025,Starter,25,200,2022-05-08,2022-10-18,Ended,New Customer
SUB_CUST_0025_2,CUST_0025,Starter,50,400,2022-10-18,2023-04-01,Ended,Add Seats
SUB_CUST_0025_3,CUST_0025,Starter,75,600,2023-04-01,2023-12-21,Ended,Add Seats
SUB_CUST_0025_4,CUST_0025,Starter,80,640,2023-12-21,,Active,Add Seats
SUB_CUST_0026_1,CUST_0026,Starter,5,40,2022-06-05,2022-12-30,Ended,New Customer
SUB_CUST_0026_2,CUST_0026,Starter,0,0,2022-12-30,,Churned,Customer Churn
SUB_CUST_0027_1,CUST_0027,Starter,5,40,2023-01-15,2023-07-18,Ended,New Customer
SUB_CUST_0027_2,CUST_0027,Starter,5,40,2023-07-18,2024-05-26,Ended,Remove Seats
SUB_CUST_0027_3,CUST_0027,Starter,30,240,2024-05-26,,Active,Add Seats
SUB_CUST_0028_1,CUST_0028,Starter,5,40,2023-02-15,2023-08-03,Ended,New Customer
SUB_CUST_0028_2,CUST_0028,Starter,10,80,2023-08-03,2023-12-15,Ended,Add Seats
SUB_CUST_0028_3,CUST_0028,Starter,5,40,2023-12-15,2024-05-21,Ended,Remove Seats
SUB_CUST_0028_4,CUST_0028,Starter,0,0,2024-05-21,,Churned,Customer Churn
SUB_CUST_0029_1,CUST_0029,Starter,10,80,2022-03-20,2022-04-20,Ended,New Customer
SUB_CUST_0029_2,CUST_0029,Starter,15,120,2022-04-20,2022-10-01,Ended,Add Seats
SUB_CUST_0029_3,CUST_0029,Starter,25,200,2022-10-01,2023-06-06,Ended,Add Seats
SUB_CUST_0029_4,CUST_0029,Starter,20,160,2023-06-06,,Active,Remove Seats
SUB_CUST_0030_1,CUST_0030,Professional,50,750,2022-08-20,2022-12-03,Ended,New Customer
SUB_CUST_0030_2,CUST_0030,Starter,50,400,2022-12-03,,Active,Downgrade Plan
SUB_CUST_0031_1,CUST_0031,Enterprise,50,1250,2023-07-21,2024-02-19,Ended,New Customer
SUB_CUST_0031_2,CUST_0031,Enterprise,55,1375,2024-02-19,,Active,Add Seats
SUB_CUST_0032_1,CUST_0032,Enterprise,25,625,2023-09-24,2024-02-22,Ended,New Customer
SUB_CUST_0032_2,CUST_0032,Enterprise,0,0,2024-02-22,,Churned,Customer Churn
SUB_CUST_0033_1,CUST_0033,Enterprise,5,125,2022-10-03,2023-04-21,Ended,New Customer
SUB_CUST_0033_2,CUST_0033,Enterprise,0,0,2023-04-21,,Churned,Customer Churn
SUB_CUST_0034_1,CUST_0034,Enterprise,50,1250,2023-10-02,2024-03-16,Ended,New Customer
SUB_CUST_0034_2,CUST_0034,Enterprise,75,1875,2024-03-16,2024-05-04,Ended,Add Seats
SUB_CUST_0034_3,CUST_0034,Enterprise,0,0,2024-05-04,,Churned,Customer Churn
SUB_CUST_0035_1,CUST_0035,Starter,100,800,2022-12-12,2023-05-07,Ended,New Customer
SUB_CUST_0035_2,CUST_0035,Starter,125,1000,2023-05-07,2023-11-21,Ended,Add Seats
SUB_CUST_0035_3,CUST_0035,Starter,130,1040,2023-11-21,2024-05-11,Ended,Add Seats
SUB_CUST_0035_4,CUST_0035,Starter,155,1240,2024-05-11,,Active,Add Seats
SUB_CUST_0036_1,CUST_0036,Enterprise,5,125,2023-05-30,2023-09-28,Ended,New Customer
SUB_CUST_0036_2,CUST_0036,Enterprise,5,125,2023-09-28,,Active,Remove Seats
SUB_CUST_0037_1,CUST_0037,Starter,50,400,2023-11-07,,Active,New Customer
SUB_CUST_0038_1,CUST_0038,Starter,25,200,2022-06-29,2023-03-09,Ended,New Customer
SUB_CUST_0038_2,CUST_0038,Professional,25,375,2023-03-09,2024-01-08,Ended,Upgrade Plan
SUB_CUST_0038_3,CUST_0038,Professional,20,300,2024-01-08,2024-03-13,Ended,Remove Seats
SUB_CUST_0038_4,CUST_0038,Professional,0,0,2024-03-13,,Churned,Customer Churn
SUB_CUST_0039_1,CUST_0039,Professional,25,375,2023-05-28,2023-11-27,Ended,New Customer
SUB_CUST_0039_2,CUST_0039,Professional,15,225,2023-11-27,2024-05-26,Ended,Remove Seats
SUB_CUST_0039_3,CUST_0039,Professional,10,150,2024-05-26,,Active,Remove Seats
SUB_CUST_0040_1,CUST_0040,Professional,10,150,2022-09-28,2022-10-28,Ended,New Customer
SUB_CUST_0040_2,CUST_0040,Professional,15,225,2022-10-28,2023-09-19,Ended,Add Seats
SUB_CUST_0040_3,CUST_0040,Professional,5,75,2023-09-19,,Active,Remove Seats
SUB_CUST_0041_1,CUST_0041,Professional,50,750,2022-11-28,2023-03-24,Ended,New Customer
SUB_CUST_0041_2,CUST_0041,Professional,40,600,2023-03-24,2024-03-12,Ended,Remove Seats
SUB_CUST_0041_3,CUST_0041,Professional,35,525,2024-03-12,,Active,Remove Seats
SUB_CUST_0042_1,CUST_0042,Starter,5,40,2023-04-28,,Active,New Customer
SUB_CUST_0043_1,CUST_0043,Enterprise,25,625,2023-01-16,2023-10-06,Ended,New Customer
SUB_CUST_0043_2,CUST_0043,Professional,25,375,2023-10-06,2024-02-12,Ended,Downgrade Plan
SUB_CUST_0043_3,CUST_0043,Professional,0,0,2024-02-12,,Churned,Customer Churn
SUB_CUST_0044_1,CUST_0044,Starter,5,40,2023-08-20,2023-09-21,Ended,New Customer
SUB_CUST_0044_2,CUST_0044,Starter,0,0,2023-09-21,,Churned,Customer Churn
SUB_CUST_0045_1,CUST_0045,Professional,5,75,2022-06-15,2023-04-06,Ended,New Customer
SUB_CUST_0045_2,CUST_0045,Starter,5,40,2023-04-06,2023-07-07,Ended,Downgrade Plan
SUB_CUST_0045_3,CUST_0045,Starter,5,40,2023-07-07,2024-05-03,Ended,Downgrade Plan
SUB_CUST_0045_4,CUST_0045,Starter,0,0,2024-05-03,,Churned,Customer Churn
SUB_CUST_0046_1,CUST_0046,Enterprise,50,1250,2023-05-08,2024-02-20,Ended,New Customer
SUB_CUST_0046_2,CUST_0046,Professional,50,750,2024-02-20,,Active,Downgrade Plan
SUB_CUST_0047_1,CUST_0047,Professional,10,150,2022-09-05,2023-02-08,Ended,New Customer
SUB_CUST_0047_2,CUST_0047,Professional,0,0,2023-02-08,,Churned,Customer Churn
SUB_CUST_0048_1,CUST_0048,Professional,10,150,2023-03-07,2023-08-24,Ended,New Customer
SUB_CUST_0048_2,CUST_0048,Starter,10,80,2023-08-24,2024-01-21,Ended,Downgrade Plan
SUB_CUST_0048_3,CUST_0048,Starter,20,160,2024-01-21,2024-04-01,Ended,Add Seats
SUB_CUST_0048_4,CUST_0048,Professional,20,300,2024-04-01,,Active,Upgrade Plan
SUB_CUST_0049_1,CUST_0049,Starter,10,80,2022-11-29,2023-07-29,Ended,New Customer
SUB_CUST_0049_2,CUST_0049,Professional,10,150,2023-07-29,2024-03-14,Ended,Upgrade Plan
SUB_CUST_0049_3,CUST_0049,Professional,0,0,2024-03-14,,Churned,Customer Churn
SUB_CUST_0050_1,CUST_0050,Enterprise,50,1250,2022-01-31,2022-03-05,Ended,New Customer
SUB_CUST_0050_2,CUST_0050,Enterprise,0,0,2022-03-05,,Churned,Customer Churn
SUB_CUST_0051_1,CUST_0051,Professional,50,750,2023-04-09,2023-12-09,Ended,New Customer
SUB_CUST_0051_2,CUST_0051,Professional,45,675,2023-12-09,2024-05-26,Ended,Remove Seats
SUB_CUST_0051_3,CUST_0051,Starter,45,360,2024-05-26,,Active,Downgrade Plan
SUB_CUST_0052_1,CUST_0052,Professional,50,750,2023-06-07,2024-03-02,Ended,New Customer
SUB_CUST_0052_2,CUST_0052,Professional,0,0,2024-03-02,,Churned,Customer Churn
SUB_CUST_0053_1,CUST_0053,Enterprise,25,625,2022-02-11,2022-04-24,Ended,New Customer
SUB_CUST_0053_2,CUST_0053,Enterprise,20,500,2022-04-24,2022-08-25,Ended,Remove Seats
SUB_CUST_0053_3,CUST_0053,Enterprise,20,500,2022-08-25,2023-01-10,Ended,Upgrade Plan
SUB_CUST_0053_4,CUST_0053,Professional,20,300,2023-01-10,2023-08-22,Ended,Downgrade Plan
SUB_CUST_0053_5,CUST_0053,Professional,30,450,2023-08-22,2023-11-01,Ended,Add Seats
SUB_CUST_0053_6,CUST_0053,Starter,30,240,2023-11-01,2023-12-27,Ended,Downgrade Plan
SUB_CUST_0053_7,CUST_0053,Starter,0,0,2023-12-27,,Churned,Customer Churn
SUB_CUST_0054_1,CUST_0054,Starter,5,40,2023-06-28,2023-08-17,Ended,New Customer
SUB_CUST_0054_2,CUST_0054,Starter,0,0,2023-08-17,,Churned,Customer Churn
SUB_CUST_0055_1,CUST_0055,Starter,5,40,2023-01-20,2023-04-24,Ended,New Customer
SUB_CUST_0055_2,CUST_0055,Starter,5,40,2023-04-24,2023-09-12,Ended,Downgrade Plan
SUB_CUST_0055_3,CUST_0055,Starter,5,40,2023-09-12,2024-04-17,Ended,Downgrade Plan
SUB_CUST_0055_4,CUST_0055,Starter,30,240,2024-04-17,,Active,Add Seats
SUB_CUST_0056_1,CUST_0056,Enterprise,5,125,2022-09-12,,Active,New Customer
SUB_CUST_0057_1,CUST_0057,Professional,100,1500,2023-04-30,2023-09-08,Ended,New Customer
SUB_CUST_0057_2,CUST_0057,Enterprise,100,2500,2023-09-08,,Active,Upgrade Plan
SUB_CUST_0058_1,CUST_0058,Starter,50,400,2023-01-13,2023-12-16,Ended,New Customer
SUB_CUST_0058_2,CUST_0058,Starter,0,0,2023-12-16,,Churned,Customer Churn
SUB_CUST_0059_1,CUST_0059,Starter,10,80,2022-03-05,2022-12-19,Ended,New Customer
SUB_CUST_0059_2,CUST_0059,Starter,5,40,2022-12-19,2023-09-25,Ended,Remove Seats
SUB_CUST_0059_3,CUST_0059,Professional,5,75,2023-09-25,,Active,Upgrade Plan
SUB_CUST_0060_1,CUST_0060,Professional,10,150,2023-12-16,,Active,New Customer
SUB_CUST_0061_1,CUST_0061,Professional,100,1500,2023-02-24,2023-11-19,Ended,New Customer
SUB_CUST_0061_2,CUST_0061,Starter,100,800,2023-11-19,2024-05-04,Ended,Downgrade Plan
SUB_CUST_0061_3,CUST_0061,Starter,105,840,2024-05-04,,Active,Add Seats
SUB_CUST_0062_1,CUST_0062,Enterprise,5,125,2023-03-10,2024-02-15,Ended,New Customer
SUB_CUST_0062_2,CUST_0062,Enterprise,5,125,2024-02-15,,Active,Remove Seats
SUB_CUST_0063_1,CUST_0063,Starter,5,40,2023-05-20,2023-12-10,Ended,New Customer
SUB_CUST_0063_2,CUST_0063,Starter,30,240,2023-12-10,2024-05-29,Ended,Add Seats
SUB_CUST_0063_3,CUST_0063,Starter,25,200,2024-05-29,,Active,Remove Seats
SUB_CUST_0064_1,CUST_0064,Starter,50,400,2023-09-24,,Active,New Customer
SUB_CUST_0065_1,CUST_0065,Starter,5,40,2024-02-02,,Active,New Customer
SUB_CUST_0066_1,CUST_0066,Starter,25,200,2023-01-13,2023-11-10,Ended,New Customer
SUB_CUST_0066_2,CUST_0066,Starter,50,400,2023-11-10,,Active,Add Seats
SUB_CUST_0067_1,CUST_0067,Starter,5,40,2023-12-06,2024-04-12,Ended,New Customer
SUB_CUST_0067_2,CUST_0067,Starter,30,240,2024-04-12,,Active,Add Seats
SUB_CUST_0068_1,CUST_0068,Starter,10,80,2022-10-25,2023-08-19,Ended,New Customer
SUB_CUST_0068_2,CUST_0068,Starter,5,40,2023-08-19,2024-02-16,Ended,Remove Seats
SUB_CUST_0068_3,CUST_0068,Starter,10,80,2024-02-16,,Active,Add Seats
SUB_CUST_0069_1,CUST_0069,Starter,250,2000,2022-07-16,2022-10-18,Ended,New Customer
SUB_CUST_0069_2,CUST_0069,Starter,240,1920,2022-10-18,2022-11-23,Ended,Remove Seats
SUB_CUST_0069_3,CUST_0069,Starter,230,1840,2022-11-23,2023-06-15,Ended,Remove Seats
SUB_CUST_0069_4,CUST_0069,Starter,235,1880,2023-06-15,2024-03-15,Ended,Add Seats
SUB_CUST_0069_5,CUST_0069,Professional,235,3525,2024-03-15,,Active,Upgrade Plan
SUB_CUST_0070_1,CUST_0070,Starter,25,200,2024-02-03,,Active,New Customer
SUB_CUST_0071_1,CUST_0071,Enterprise,100,2500,2022-08-20,,Active,New Customer
SUB_CUST_0072_1,CUST_0072,Starter,50,400,2023-01-21,2024-01-02,Ended,New Customer
SUB_CUST_0072_2,CUST_0072,Starter,75,600,2024-01-02,,Active,Add Seats
SUB_CUST_0073_1,CUST_0073,Enterprise,500,12500,2023-04-07,2024-03-19,Ended,New Customer
SUB_CUST_0073_2,CUST_0073,Enterprise,500,12500,2024-03-19,,Active,Upgrade Plan
SUB_CUST_0074_1,CUST_0074,Professional,5,75,2022-11-19,,Active,New Customer
SUB_CUST_0075_1,CUST_0075,Starter,5,40,2023-01-08,,Active,New Customer
SUB_CUST_0076_1,CUST_0076,Professional,10,150,2023-12-01,,Active,New Customer
SUB_CUST_0077_1,CUST_0077,Professional,25,375,2023-03-24,2023-08-20,Ended,New Customer
SUB_CUST_0077_2,CUST_0077,Professional,0,0,2023-08-20,,Churned,Customer Churn
SUB_CUST_0078_1,CUST_0078,Starter,10,80,2022-11-04,2023-04-19,Ended,New Customer
SUB_CUST_0078_2,CUST_0078,Starter,0,0,2023-04-19,,Churned,Customer Churn
SUB_CUST_0079_1,CUST_0079,Starter,50,400,2022-04-21,2023-03-08,Ended,New Customer
SUB_CUST_0079_2,CUST_0079,Starter,0,0,2023-03-08,,Churned,Customer Churn
SUB_CUST_0080_1,CUST_0080,Starter,25,200,2023-11-14,2024-05-01,Ended,New Customer
SUB_CUST_0080_2,CUST_0080,Starter,15,120,2024-05-01,,Active,Remove Seats
SUB_CUST_0081_1,CUST_0081,Enterprise,25,625,2022-03-03,2022-04-15,Ended,New Customer
SUB_CUST_0081_2,CUST_0081,Enterprise,25,625,2022-04-15,2023-03-05,Ended,Upgrade Plan
SUB_CUST_0081_3,CUST_0081,Enterprise,20,500,2023-03-05,2023-08-19,Ended,Remove Seats
SUB_CUST_0081_4,CUST_0081,Enterprise,15,375,2023-08-19,,Active,Remove Seats
SUB_CUST_0082_1,CUST_0082,Enterprise,5,125,2023-11-18,,Active,New Customer
SUB_CUST_0083_1,CUST_0083,Enterprise,10,250,2024-02-03,,Active,New Customer
SUB_CUST_0084_1,CUST_0084,Enterprise,10,250,2022-06-12,2022-12-06,Ended,New Customer
SUB_CUST_0084_2,CUST_0084,Enterprise,5,125,2022-12-06,2023-10-13,Ended,Remove Seats
SUB_CUST_0084_3,CUST_0084,Enterprise,5,125,2023-10-13,,Active,Upgrade Plan
SUB_CUST_0085_1,CUST_0085,Starter,250,2000,2023-01-28,2023-11-17,Ended,New Customer
SUB_CUST_0085_2,CUST_0085,Starter,0,0,2023-11-17,,Churned,Customer Churn
SUB_CUST_0086_1,CUST_0086,Professional,10,150,2022-01-02,2022-05-08,Ended,New Customer
SUB_CUST_0086_2,CUST_0086,Professional,5,75,2022-05-08,2022-07-03,Ended,Remove Seats
SUB_CUST_0086_3,CUST_0086,Professional,30,450,2022-07-03,2022-12-27,Ended,Add Seats
SUB_CUST_0086_4,CUST_0086,Starter,30,240,2022-12-27,2023-03-29,Ended,Downgrade Plan
SUB_CUST_0086_5,CUST_0086,Professional,30,450,2023-03-29,2023-08-28,Ended,Upgrade Plan
SUB_CUST_0086_6,CUST_0086,Professional,0,0,2023-08-28,,Churned,Customer Churn
SUB_CUST_0087_1,CUST_0087,Professional,25,375,2023-04-28,,Active,New Customer
SUB_CUST_0088_1,CUST_0088,Starter,5,40,2022-06-26,2023-04-07,Ended,New Customer
SUB_CUST_0088_2,CUST_0088,Starter,0,0,2023-04-07,,Churned,Customer Churn
SUB_CUST_0089_1,CUST_0089,Professional,5,75,2023-03-30,2023-12-26,Ended,New Customer
SUB_CUST_0089_2,CUST_0089,Professional,30,450,2023-12-26,2024-05-01,Ended,Add Seats
SUB_CUST_0089_3,CUST_0089,Professional,0,0,2024-05-01,,Churned,Customer Churn
SUB_CUST_0090_1,CUST_0090,Professional,5,75,2024-02-29,,Active,New Customer
SUB_CUST_0091_1,CUST_0091,Starter,50,400,2023-10-07,2023-11-07,Ended,New Customer
SUB_CUST_0091_2,CUST_0091,Starter,60,480,2023-11-07,,Active,Add Seats
SUB_CUST_0092_1,CUST_0092,Enterprise,10,250,2024-01-31,,Active,New Customer
SUB_CUST_0093_1,CUST_0093,Starter,10,80,2023-08-09,2024-01-08,Ended,New Customer
SUB_CUST_0093_2,CUST_0093,Starter,5,40,2024-01-08,,Active,Remove Seats
SUB_CUST_0094_1,CUST_0094,Starter,10,80,2022-03-09,2022-10-20,Ended,New Customer
SUB_CUST_0094_2,CUST_0094,Starter,35,280,2022-10-20,2023-10-18,Ended,Add Seats
SUB_CUST_0094_3,CUST_0094,Starter,0,0,2023-10-18,,Churned,Customer Churn
SUB_CUST_0095_1,CUST_0095,Enterprise,5,125,2024-02-09,,Active,New Customer
SUB_CUST_0096_1,CUST_0096,Enterprise,10,250,2022-06-05,2023-02-23,Ended,New Customer
SUB_CUST_0096_2,CUST_0096,Enterprise,10,250,2023-02-23,2024-02-23,Ended,Upgrade Plan
SUB_CUST_0096_3,CUST_0096,Enterprise,0,0,2024-02-23,,Churned,Customer Churn
SUB_CUST_0097_1,CUST_0097,Starter,250,2000,2022-04-27,2022-12-16,Ended,New Customer
SUB_CUST_0097_2,CUST_0097,Starter,240,1920,2022-12-16,2023-10-15,Ended,Remove Seats
SUB_CUST_0097_3,CUST_0097,Starter,250,2000,2023-10-15,,Active,Add Seats
SUB_CUST_0098_1,CUST_0098,Professional,5,75,2022-02-25,2022-08-21,Ended,New Customer
SUB_CUST_0098_2,CUST_0098,Professional,0,0,2022-08-21,,Churned,Customer Churn
SUB_CUST_0099_1,CUST_0099,Starter,5,40,2022-05-21,2022-08-10,Ended,New Customer
SUB_CUST_0099_2,CUST_0099,Starter,5,40,2022-08-10,2022-09-23,Ended,Downgrade Plan
SUB_CUST_0099_3,CUST_0099,Professional,5,75,2022-09-23,2023-03-22,Ended,Upgrade Plan
SUB_CUST_0099_4,CUST_0099,Professional,15,225,2023-03-22,2024-01-17,Ended,Add Seats
SUB_CUST_0099_5,CUST_0099,Starter,15,120,2024-01-17,2024-05-18,Ended,Downgrade Plan
SUB_CUST_0099_6,CUST_0099,Starter,20,160,2024-05-18,,Active,Add Seats
SUB_CUST_0100_1,CUST_0100,Starter,25,200,2023-01-10,2024-01-01,Ended,New Customer
SUB_CUST_0100_2,CUST_0100,Starter,35,280,2024-01-01,,Active,Add Seats
SUB_CUST_0101_1,CUST_0101,Professional,5,75,2023-03-23,2023-10-15,Ended,New Customer
SUB_CUST_0101_2,CUST_0101,Professional,0,0,2023-10-15,,Churned,Customer Churn
SUB_CUST_0102_1,CUST_0102,Professional,10,150,2023-04-10,2023-10-11,Ended,New Customer
SUB_CUST_0102_2,CUST_0102,Professional,20,300,2023-10-11,2024-01-03,Ended,Add Seats
SUB_CUST_0102_3,CUST_0102,Professional,45,675,2024-01-03,,Active,Add Seats
SUB_CUST_0103_1,CUST_0103,Starter,50,400,2023-04-04,2023-05-08,Ended,New Customer
SUB_CUST_0103_2,CUST_0103,Starter,45,360,2023-05-08,2024-02-16,Ended,Remove Seats
SUB_CUST_0103_3,CUST_0103,Starter,0,0,2024-02-16,,Churned,Customer Churn
SUB_CUST_0104_1,CUST_0104,Professional,5,75,2023-03-21,2023-08-10,Ended,New Customer
SUB_CUST_0104_2,CUST_0104,Professional,5,75,2023-08-10,2023-11-18,Ended,Remove Seats
SUB_CUST_0104_3,CUST_0104,Professional,5,75,2023-11-18,,Active,Remove Seats
SUB_CUST_0105_1,CUST_0105,Professional,25,375,2022-02-21,,Active,New Customer
SUB_CUST_0106_1,CUST_0106,Starter,10,80,2023-04-04,2024-02-04,Ended,New Customer
SUB_CUST_0106_2,CUST_0106,Starter,0,0,2024-02-04,,Churned,Customer Churn
SUB_CUST_0107_1,CUST_0107,Professional,100,1500,2023-07-23,2023-12-31,Ended,New Customer
SUB_CUST_0107_2,CUST_0107,Professional,0,0,2023-12-31,,Churned,Customer Churn
SUB_CUST_0108_1,CUST_0108,Enterprise,5,125,2024-01-19,2024-04-16,Ended,New Customer
SUB_CUST_0108_2,CUST_0108,Professional,5,75,2024-04-16,,Active,Downgrade Plan
SUB_CUST_0109_1,CUST_0109,Enterprise,25,625,2022-12-17,2023-10-28,Ended,New Customer
SUB_CUST_0109_2,CUST_0109,Enterprise,35,875,2023-10-28,,Active,Add Seats
SUB_CUST_0110_1,CUST_0110,Starter,25,200,2022-07-11,2023-06-05,Ended,New Customer
SUB_CUST_0110_2,CUST_0110,Starter,50,400,2023-06-05,2023-08-29,Ended,Add Seats
SUB_CUST_0110_3,CUST_0110,Starter,40,320,2023-08-29,,Active,Remove Seats
SUB_CUST_0111_1,CUST_0111,Enterprise,5,125,2023-05-25,,Active,New Customer
SUB_CUST_0112_1,CUST_0112,Enterprise,10,250,2023-12-23,2024-04-02,Ended,New Customer
SUB_CUST_0112_2,CUST_0112,Enterprise,10,250,2024-04-02,,Active,Upgrade Plan
SUB_CUST_0113_1,CUST_0113,Starter,5,40,2024-02-05,,Active,New Customer
SUB_CUST_0114_1,CUST_0114,Starter,100,800,2023-12-06,,Active,New Customer
SUB_CUST_0115_1,CUST_0115,Professional,25,375,2023-10-14,,Active,New Customer
SUB_CUST_0116_1,CUST_0116,Enterprise,25,625,2022-06-03,2022-11-23,Ended,New Customer
SUB_CUST_0116_2,CUST_0116,Enterprise,25,625,2022-11-23,2023-08-07,Ended,Upgrade Plan
SUB_CUST_0116_3,CUST_0116,Professional,25,375,2023-08-07,2024-03-09,Ended,Downgrade Plan
SUB_CUST_0116_4,CUST_0116,Enterprise,25,625,2024-03-09,,Active,Upgrade Plan
SUB_CUST_0117_1,CUST_0117,Starter,5,40,2023-07-12,2024-03-30,Ended,New Customer
SUB_CUST_0117_2,CUST_0117,Professional,5,75,2024-03-30,,Active,Upgrade Plan
SUB_CUST_0118_1,CUST_0118,Starter,10,80,2022-02-03,2022-12-19,Ended,New Customer
SUB_CUST_0118_2,CUST_0118,Starter,35,280,2022-12-19,2023-05-08,Ended,Add Seats
SUB_CUST_0118_3,CUST_0118,Starter,0,0,2023-05-08,,Churned,Customer Churn
SUB_CUST_0119_1,CUST_0119,Starter,5,40,2022-12-28,2023-01-28,Ended,New Customer
SUB_CUST_0119_2,CUST_0119,Starter,10,80,2023-01-28,2023-11-30,Ended,Add Seats
SUB_CUST_0119_3,CUST_0119,Starter,15,120,2023-11-30,2024-01-12,Ended,Add Seats
SUB_CUST_0119_4,CUST_0119,Professional,15,225,2024-01-12,,Active,Upgrade Plan
SUB_CUST_0120_1,CUST_0120,Starter,5,40,2023-05-18,2024-01-18,Ended,New Customer
SUB_CUST_0120_2,CUST_0120,Starter,5,40,2024-01-18,,Active,Remove Seats
SUB_CUST_0121_1,CUST_0121,Starter,5,40,2022-06-19,2023-04-11,Ended,New Customer
SUB_CUST_0121_2,CUST_0121,Starter,30,240,2023-04-11,2023-06-11,Ended,Add Seats
SUB_CUST_0121_3,CUST_0121,Starter,0,0,2023-06-11,,Churned,Customer Churn
SUB_CUST_0122_1,CUST_0122,Starter,5,40,2023-09-16,2024-05-30,Ended,New Customer
SUB_CUST_0122_2,CUST_0122,Professional,5,75,2024-05-30,,Active,Upgrade Plan
SUB_CUST_0123_1,CUST_0123,Starter,5,40,2022-08-19,2023-06-25,Ended,New Customer
SUB_CUST_0123_2,CUST_0123,Starter,0,0,2023-06-25,,Churned,Customer Churn
SUB_CUST_0124_1,CUST_0124,Enterprise,10,250,2023-08-15,,Active,New Customer
SUB_CUST_0125_1,CUST_0125,Starter,25,200,2023-10-31,,Active,New Customer
SUB_CUST_0126_1,CUST_0126,Starter,50,400,2022-12-01,2023-08-20,Ended,New Customer
SUB_CUST_0126_2,CUST_0126,Starter,75,600,2023-08-20,,Active,Add Seats
SUB_CUST_0127_1,CUST_0127,Starter,5,40,2023-10-25,,Active,New Customer
SUB_CUST_0128_1,CUST_0128,Starter,5,40,2022-04-15,2022-11-21,Ended,New Customer
SUB_CUST_0128_2,CUST_0128,Starter,0,0,2022-11-21,,Churned,Customer Churn
SUB_CUST_0129_1,CUST_0129,Professional,25,375,2022-04-04,2022-07-05,Ended,New Customer
SUB_CUST_0129_2,CUST_0129,Starter,25,200,2022-07-05,2023-03-08,Ended,Downgrade Plan
SUB_CUST_0129_3,CUST_0129,Starter,0,0,2023-03-08,,Churned,Customer Churn
SUB_CUST_0130_1,CUST_0130,Enterprise,25,625,2022-03-21,2023-02-09,Ended,New Customer
SUB_CUST_0130_2,CUST_0130,Enterprise,20,500,2023-02-09,2023-07-03,Ended,Remove Seats
SUB_CUST_0130_3,CUST_0130,Enterprise,0,0,2023-07-03,,Churned,Customer Churn
SUB_CUST_0131_1,CUST_0131,Enterprise,10,250,2023-06-28,2024-05-16,Ended,New Customer
SUB_CUST_0131_2,CUST_0131,Enterprise,20,500,2024-05-16,,Active,Add Seats
SUB_CUST_0132_1,CUST_0132,Professional,25,375,2022-02-10,2022-03-26,Ended,New Customer
SUB_CUST_0132_2,CUST_0132,Professional,50,750,2022-03-26,2022-10-15,Ended,Add Seats
SUB_CUST_0132_3,CUST_0132,Professional,55,825,2022-10-15,2023-08-30,Ended,Add Seats
SUB_CUST_0132_4,CUST_0132,Professional,50,750,2023-08-30,,Active,Remove Seats
SUB_CUST_0133_1,CUST_0133,Starter,10,80,2022-02-17,2022-11-06,Ended,New Customer
SUB_CUST_0133_2,CUST_0133,Starter,20,160,2022-11-06,2023-05-21,Ended,Add Seats
SUB_CUST_0133_3,CUST_0133,Starter,0,0,2023-05-21,,Churned,Customer Churn
SUB_CUST_0134_1,CUST_0134,Enterprise,5,125,2022-05-12,2022-07-06,Ended,New Customer
SUB_CUST_0134_2,CUST_0134,Enterprise,5,125,2022-07-06,2023-03-10,Ended,Remove Seats
SUB_CUST_0134_3,CUST_0134,Professional,5,75,2023-03-10,2023-08-26,Ended,Downgrade Plan
SUB_CUST_0134_4,CUST_0134,Professional,30,450,2023-08-26,2024-05-02,Ended,Add Seats
SUB_CUST_0134_5,CUST_0134,Enterprise,30,750,2024-05-02,,Active,Upgrade Plan
SUB_CUST_0135_1,CUST_0135,Professional,10,150,2024-01-26,,Active,New Customer
SUB_CUST_0136_1,CUST_0136,Starter,10,80,2022-03-27,2022-07-05,Ended,New Customer
SUB_CUST_0136_2,CUST_0136,Starter,0,0,2022-07-05,,Churned,Customer Churn
SUB_CUST_0137_1,CUST_0137,Starter,5,40,2023-03-26,2023-07-23,Ended,New Customer
SUB_CUST_0137_2,CUST_0137,Professional,5,75,2023-07-23,2023-12-17,Ended,Upgrade Plan
SUB_CUST_0137_3,CUST_0137,Professional,5,75,2023-12-17,,Active,Remove Seats
SUB_CUST_0138_1,CUST_0138,Starter,10,80,2022-03-07,,Active,New Customer
SUB_CUST_0139_1,CUST_0139,Professional,25,375,2023-05-02,2023-12-31,Ended,New Customer
SUB_CUST_0139_2,CUST_0139,Professional,35,525,2023-12-31,,Active,Add Seats
SUB_CUST_0140_1,CUST_0140,Starter,100,800,2023-05-20,2023-12-21,Ended,New Customer
SUB_CUST_0140_2,CUST_0140,Professional,100,1500,2023-12-21,2024-05-23,Ended,Upgrade Plan
SUB_CUST_0140_3,CUST_0140,Starter,100,800,2024-05-23,,Active,Downgrade Plan
SUB_CUST_0141_1,CUST_0141,Enterprise,25,625,2023-09-07,2024-01-01,Ended,New Customer
SUB_CUST_0141_2,CUST_0141,Enterprise,25,625,2024-01-01,,Active,Upgrade Plan
SUB_CUST_0142_1,CUST_0142,Enterprise,10,250,2022-10-29,2023-10-24,Ended,New Customer
SUB_CUST_0142_2,CUST_0142,Enterprise,0,0,2023-10-24,,Churned,Customer Churn
SUB_CUST_0143_1,CUST_0143,Starter,5,40,2023-01-03,2023-04-21,Ended,New Customer
SUB_CUST_0143_2,CUST_0143,Starter,0,0,2023-04-21,,Churned,Customer Churn
SUB_CUST_0144_1,CUST_0144,Starter,50,400,2022-04-28,2023-03-12,Ended,New Customer
SUB_CUST_0144_2,CUST_0144,Starter,0,0,2023-03-12,,Churned,Customer Churn
SUB_CUST_0145_1,CUST_0145,Professional,50,750,2023-11-29,,Active,New Customer
SUB_CUST_0146_1,CUST_0146,Enterprise,25,625,2023-05-18,2023-07-21,Ended,New Customer
SUB_CUST_0146_2,CUST_0146,Professional,25,375,2023-07-21,2024-01-07,Ended,Downgrade Plan
SUB_CUST_0146_3,CUST_0146,Professional,15,225,2024-01-07,,Active,Remove Seats
SUB_CUST_0147_1,CUST_0147,Starter,5,40,2023-12-19,2024-02-26,Ended,New Customer
SUB_CUST_0147_2,CUST_0147,Starter,5,40,2024-02-26,,Active,Remove Seats
SUB_CUST_0148_1,CUST_0148,Starter,25,200,2023-08-21,2023-10-11,Ended,New Customer
SUB_CUST_0148_2,CUST_0148,Starter,25,200,2023-10-11,,Active,Downgrade Plan
SUB_CUST_0149_1,CUST_0149,Starter,10,80,2022-10-20,2022-12-20,Ended,New Customer
SUB_CUST_0149_2,CUST_0149,Starter,10,80,2022-12-20,2023-07-13,Ended,Downgrade Plan
SUB_CUST_0149_3,CUST_0149,Starter,0,0,2023-07-13,,Churned,Customer Churn
SUB_CUST_0150_1,CUST_0150,Professional,5,75,2022-05-12,2023-01-21,Ended,New Customer
SUB_CUST_0150_2,CUST_0150,Professional,0,0,2023-01-21,,Churned,Customer Churn
SUB_CUST_0151_1,CUST_0151,Starter,100,800,2022-09-04,2023-03-26,Ended,New Customer
SUB_CUST_0151_2,CUST_0151,Starter,95,760,2023-03-26,2024-03-21,Ended,Remove Seats
SUB_CUST_0151_3,CUST_0151,Starter,105,840,2024-03-21,,Active,Add Seats
SUB_CUST_0152_1,CUST_0152,Starter,25,200,2023-08-24,,Active,New Customer
SUB_CUST_0153_1,CUST_0153,Starter,25,200,2022-08-22,2023-03-19,Ended,New Customer
SUB_CUST_0153_2,CUST_0153,Starter,50,400,2023-03-19,2023-11-04,Ended,Add Seats
SUB_CUST_0153_3,CUST_0153,Professional,50,750,2023-11-04,2024-01-16,Ended,Upgrade Plan
SUB_CUST_0153_4,CUST_0153,Professional,60,900,2024-01-16,,Active,Add Seats
SUB_CUST_0154_1,CUST_0154,Professional,50,750,2022-07-18,2023-05-13,Ended,New Customer
SUB_CUST_0154_2,CUST_0154,Enterprise,50,1250,2023-05-13,2024-02-27,Ended,Upgrade Plan
SUB_CUST_0154_3,CUST_0154,Enterprise,60,1500,2024-02-27,,Active,Add Seats
SUB_CUST_0155_1,CUST_0155,Enterprise,10,250,2023-06-15,2023-09-23,Ended,New Customer
SUB_CUST_0155_2,CUST_0155,Enterprise,20,500,2023-09-23,2023-12-13,Ended,Add Seats
SUB_CUST_0155_3,CUST_0155,Enterprise,15,375,2023-12-13,,Active,Remove Seats
SUB_CUST_0156_1,CUST_0156,Professional,5,75,2022-07-23,2023-07-07,Ended,New Customer
SUB_CUST_0156_2,CUST_0156,Professional,0,0,2023-07-07,,Churned,Customer Churn
SUB_CUST_0157_1,CUST_0157,Professional,5,75,2022-09-15,2023-02-13,Ended,New Customer
SUB_CUST_0157_2,CUST_0157,Professional,0,0,2023-02-13,,Churned,Customer Churn
SUB_CUST_0158_1,CUST_0158,Professional,50,750,2023-03-19,2023-08-18,Ended,New Customer
SUB_CUST_0158_2,CUST_0158,Professional,60,900,2023-08-18,2023-12-25,Ended,Add Seats
SUB_CUST_0158_3,CUST_0158,Professional,85,1275,2023-12-25,,Active,Add Seats
SUB_CUST_0159_1,CUST_0159,Professional,10,150,2023-03-14,2023-07-04,Ended,New Customer
SUB_CUST_0159_2,CUST_0159,Professional,0,0,2023-07-04,,Churned,Customer Churn
SUB_CUST_0160_1,CUST_0160,Enterprise,5,125,2022-08-03,2023-03-11,Ended,New Customer
SUB_CUST_0160_2,CUST_0160,Enterprise,5,125,2023-03-11,2023-12-30,Ended,Remove Seats
SUB_CUST_0160_3,CUST_0160,Enterprise,0,0,2023-12-30,,Churned,Customer Churn
SUB_CUST_0161_1,CUST_0161,Starter,5,40,2023-03-19,2024-01-05,Ended,New Customer
SUB_CUST_0161_2,CUST_0161,Professional,5,75,2024-01-05,2024-05-27,Ended,Upgrade Plan
SUB_CUST_0161_3,CUST_0161,Professional,0,0,2024-05-27,,Churned,Customer Churn
SUB_CUST_0162_1,CUST_0162,Enterprise,10,250,2023-06-28,2024-02-04,Ended,New Customer
SUB_CUST_0162_2,CUST_0162,Enterprise,15,375,2024-02-04,2024-03-19,Ended,Add Seats
SUB_CUST_0162_3,CUST_0162,Enterprise,20,500,2024-03-19,,Active,Add Seats
SUB_CUST_0163_1,CUST_0163,Professional,5,75,2023-06-05,2024-03-02,Ended,New Customer
SUB_CUST_0163_2,CUST_0163,Professional,5,75,2024-03-02,,Active,Remove Seats
SUB_CUST_0164_1,CUST_0164,Professional,100,1500,2023-11-28,,Active,New Customer
SUB_CUST_0165_1,CUST_0165,Enterprise,10,250,2022-12-02,2023-09-28,Ended,New Customer
SUB_CUST_0165_2,CUST_0165,Professional,10,150,2023-09-28,2024-02-26,Ended,Downgrade Plan
SUB_CUST_0165_3,CUST_0165,Professional,15,225,2024-02-26,,Active,Add Seats
SUB_CUST_0166_1,CUST_0166,Starter,50,400,2023-12-12,,Active,New Customer
SUB_CUST_0167_1,CUST_0167,Professional,25,375,2022-01-26,2022-07-24,Ended,New Customer
SUB_CUST_0167_2,CUST_0167,Starter,25,200,2022-07-24,2022-12-24,Ended,Downgrade Plan
SUB_CUST_0167_3,CUST_0167,Starter,20,160,2022-12-24,2023-03-07,Ended,Remove Seats
SUB_CUST_0167_4,CUST_0167,Starter,10,80,2023-03-07,,Active,Remove Seats
SUB_CUST_0168_1,CUST_0168,Professional,10,150,2024-02-28,,Active,New Customer
SUB_CUST_0169_1,CUST_0169,Starter,10,80,2024-01-01,2024-02-08,Ended,New Customer
SUB_CUST_0169_2,CUST_0169,Starter,15,120,2024-02-08,,Active,Add Seats
SUB_CUST_0170_1,CUST_0170,Professional,25,375,2022-06-11,2022-08-02,Ended,New Customer
SUB_CUST_0170_2,CUST_0170,Professional,35,525,2022-08-02,2022-11-29,Ended,Add Seats
SUB_CUST_0170_3,CUST_0170,Professional,0,0,2022-11-29,,Churned,Customer Churn
SUB_CUST_0171_1,CUST_0171,Enterprise,10,250,2023-12-23,2024-03-31,Ended,New Customer
SUB_CUST_0171_2,CUST_0171,Enterprise,10,250,2024-03-31,,Active,Upgrade Plan
SUB_CUST_0172_1,CUST_0172,Starter,5,40,2022-02-27,2022-04-19,Ended,New Customer
SUB_CUST_0172_2,CUST_0172,Starter,15,120,2022-04-19,2023-02-21,Ended,Add Seats
SUB_CUST_0172_3,CUST_0172,Starter,15,120,2023-02-21,,Active,Downgrade Plan
SUB_CUST_0173_1,CUST_0173,Starter,50,400,2022-10-24,,Active,New Customer
SUB_CUST_0174_1,CUST_0174,Starter,50,400,2023-05-31,2024-01-20,Ended,New Customer
SUB_CUST_0174_2,CUST_0174,Starter,0,0,2024-01-20,,Churned,Customer Churn
SUB_CUST_0175_1,CUST_0175,Starter,5,40,2023-08-24,2024-03-29,Ended,New Customer
SUB_CUST_0175_2,CUST_0175,Starter,0,0,2024-03-29,,Churned,Customer Churn
SUB_CUST_0176_1,CUST_0176,Enterprise,25,625,2023-02-19,,Active,New Customer
SUB_CUST_0177_1,CUST_0177,Professional,10,150,2022-10-08,,Active,New Customer
SUB_CUST_0178_1,CUST_0178,Starter,25,200,2023-04-05,2023-12-18,Ended,New Customer
SUB_CUST_0178_2,CUST_0178,Starter,30,240,2023-12-18,,Active,Add Seats
SUB_CUST_0179_1,CUST_0179,Starter,500,4000,2023-11-07,2024-01-14,Ended,New Customer
SUB_CUST_0179_2,CUST_0179,Starter,490,3920,2024-01-14,2024-05-04,Ended,Remove Seats
SUB_CUST_0179_3,CUST_0179,Starter,0,0,2024-05-04,,Churned,Customer Churn
SUB_CUST_0180_1,CUST_0180,Enterprise,25,625,2022-08-10,2022-11-12,Ended,New Customer
SUB_CUST_0180_2,CUST_0180,Enterprise,25,625,2022-11-12,2023-06-17,Ended,Upgrade Plan
SUB_CUST_0180_3,CUST_0180,Enterprise,50,1250,2023-06-17,,Active,Add Seats
SUB_CUST_0181_1,CUST_0181,Professional,100,1500,2022-08-27,2022-11-04,Ended,New Customer
SUB_CUST_0181_2,CUST_0181,Professional,90,1350,2022-11-04,2023-11-01,Ended,Remove Seats
SUB_CUST_0181_3,CUST_0181,Professional,95,1425,2023-11-01,,Active,Add Seats
SUB_CUST_0182_1,CUST_0182,Starter,10,80,2022-10-17,2023-03-30,Ended,New Customer
SUB_CUST_0182_2,CUST_0182,Starter,0,0,2023-03-30,,Churned,Customer Churn
SUB_CUST_0183_1,CUST_0183,Starter,25,200,2023-11-25,,Active,New Customer
SUB_CUST_0184_1,CUST_0184,Starter,50,400,2022-11-07,2023-07-22,Ended,New Customer
SUB_CUST_0184_2,CUST_0184,Starter,0,0,2023-07-22,,Churned,Customer Churn
SUB_CUST_0185_1,CUST_0185,Professional,25,375,2023-05-12,2023-11-06,Ended,New Customer
SUB_CUST_0185_2,CUST_0185,Professional,0,0,2023-11-06,,Churned,Customer Churn
SUB_CUST_0186_1,CUST_0186,Professional,100,1500,2022-09-02,2023-04-05,Ended,New Customer
SUB_CUST_0186_2,CUST_0186,Professional,95,1425,2023-04-05,2023-07-15,Ended,Remove Seats
SUB_CUST_0186_3,CUST_0186,Professional,105,1575,2023-07-15,,Active,Add Seats
SUB_CUST_0187_1,CUST_0187,Starter,500,4000,2023-07-28,2023-10-10,Ended,New Customer
SUB_CUST_0187_2,CUST_0187,Professional,500,7500,2023-10-10,,Active,Upgrade Plan
SUB_CUST_0188_1,CUST_0188,Professional,50,750,2023-10-01,,Active,New Customer
SUB_CUST_0189_1,CUST_0189,Professional,10,150,2023-05-08,2023-11-30,Ended,New Customer
SUB_CUST_0189_2,CUST_0189,Enterprise,10,250,2023-11-30,,Active,Upgrade Plan
SUB_CUST_0190_1,CUST_0190,Professional,5,75,2022-10-10,2022-12-07,Ended,New Customer
SUB_CUST_0190_2,CUST_0190,Professional,0,0,2022-12-07,,Churned,Customer Churn
SUB_CUST_0191_1,CUST_0191,Starter,5,40,2022-08-26,2023-01-18,Ended,New Customer
SUB_CUST_0191_2,CUST_0191,Starter,30,240,2023-01-18,2023-03-29,Ended,Add Seats
SUB_CUST_0191_3,CUST_0191,Starter,55,440,2023-03-29,2023-09-15,Ended,Add Seats
SUB_CUST_0191_4,CUST_0191,Professional,55,825,2023-09-15,,Active,Upgrade Plan
SUB_CUST_0192_1,CUST_0192,Professional,5,75,2022-05-26,2022-09-11,Ended,New Customer
SUB_CUST_0192_2,CUST_0192,Professional,30,450,2022-09-11,2023-08-16,Ended,Add Seats
SUB_CUST_0192_3,CUST_0192,Professional,55,825,2023-08-16,,Active,Add Seats
SUB_CUST_0193_1,CUST_0193,Starter,100,800,2022-02-14,2022-07-29,Ended,New Customer
SUB_CUST_0193_2,CUST_0193,Starter,90,720,2022-07-29,2022-09-12,Ended,Remove Seats
SUB_CUST_0193_3,CUST_0193,Starter,90,720,2022-09-12,2023-03-09,Ended,Downgrade Plan
SUB_CUST_0193_4,CUST_0193,Starter,80,640,2023-03-09,2023-11-01,Ended,Remove Seats
SUB_CUST_0193_5,CUST_0193,Starter,85,680,2023-11-01,2024-02-19,Ended,Add Seats
SUB_CUST_0193_6,CUST_0193,Starter,85,680,2024-02-19,,Active,Downgrade Plan
SUB_CUST_0194_1,CUST_0194,Professional,10,150,2023-06-13,2024-01-05,Ended,New Customer
SUB_CUST_0194_2,CUST_0194,Professional,0,0,2024-01-05,,Churned,Customer Churn
SUB_CUST_0195_1,CUST_0195,Professional,10,150,2022-07-23,2022-12-23,Ended,New Customer
SUB_CUST_0195_2,CUST_0195,Starter,10,80,2022-12-23,2023-05-28,Ended,Downgrade Plan
SUB_CUST_0195_3,CUST_0195,Professional,10,150,2023-05-28,,Active,Upgrade Plan
SUB_CUST_0196_1,CUST_0196,Enterprise,10,250,2023-08-20,2023-12-09,Ended,New Customer
SUB_CUST_0196_2,CUST_0196,Enterprise,0,0,2023-12-09,,Churned,Customer Churn
SUB_CUST_0197_1,CUST_0197,Starter,5,40,2023-05-01,2024-01-25,Ended,New Customer
SUB_CUST_0197_2,CUST_0197,Starter,5,40,2024-01-25,2024-03-06,Ended,Downgrade Plan
SUB_CUST_0197_3,CUST_0197,Professional,5,75,2024-03-06,,Active,Upgrade Plan
SUB_CUST_0198_1,CUST_0198,Starter,10,80,2023-01-09,,Active,New Customer
SUB_CUST_0199_1,CUST_0199,Professional,50,750,2024-02-08,,Active,New Customer
SUB_CUST_0200_1,CUST_0200,Enterprise,10,250,2022-01-13,2022-08-18,Ended,New Customer
SUB_CUST_0200_2,CUST_0200,Enterprise,0,0,2022-08-18,,Churned,Customer Churn
SUB_CUST_0201_1,CUST_0201,Starter,5,40,2023-07-23,2024-02-23,Ended,New Customer
SUB_CUST_0201_2,CUST_0201,Starter,5,40,2024-02-23,,Active,Remove Seats
SUB_CUST_0202_1,CUST_0202,Enterprise,25,625,2023-03-11,2023-06-14,Ended,New Customer
SUB_CUST_0202_2,CUST_0202,Enterprise,0,0,2023-06-14,,Churned,Customer Churn
SUB_CUST_0203_1,CUST_0203,Starter,500,4000,2023-09-04,2024-04-08,Ended,New Customer
SUB_CUST_0203_2,CUST_0203,Starter,0,0,2024-04-08,,Churned,Customer Churn
SUB_CUST_0204_1,CUST_0204,Professional,10,150,2022-11-06,,Active,New Customer
SUB_CUST_0205_1,CUST_0205,Starter,10,80,2022-03-02,2022-11-20,Ended,New Customer
SUB_CUST_0205_2,CUST_0205,Professional,10,150,2022-11-20,2023-03-01,Ended,Upgrade Plan
SUB_CUST_0205_3,CUST_0205,Professional,35,525,2023-03-01,2023-10-18,Ended,Add Seats
SUB_CUST_0205_4,CUST_0205,Professional,0,0,2023-10-18,,Churned,Customer Churn
SUB_CUST_0206_1,CUST_0206,Professional,10,150,2023-04-10,2024-01-15,Ended,New Customer
SUB_CUST_0206_2,CUST_0206,Professional,0,0,2024-01-15,,Churned,Customer Churn
SUB_CUST_0207_1,CUST_0207,Starter,5,40,2023-04-11,2023-07-06,Ended,New Customer
SUB_CUST_0207_2,CUST_0207,Starter,0,0,2023-07-06,,Churned,Customer Churn
SUB_CUST_0208_1,CUST_0208,Professional,25,375,2023-04-23,2023-06-05,Ended,New Customer
SUB_CUST_0208_2,CUST_0208,Professional,15,225,2023-06-05,2024-04-26,Ended,Remove Seats
SUB_CUST_0208_3,CUST_0208,Professional,10,150,2024-04-26,,Active,Remove Seats
SUB_CUST_0209_1,CUST_0209,Starter,25,200,2023-08-14,,Active,New Customer
SUB_CUST_0210_1,CUST_0210,Starter,10,80,2022-06-20,2023-02-16,Ended,New Customer
SUB_CUST_0210_2,CUST_0210,Starter,5,40,2023-02-16,2024-01-25,Ended,Remove Seats
SUB_CUST_0210_3,CUST_0210,Starter,0,0,2024-01-25,,Churned,Customer Churn
SUB_CUST_0211_1,CUST_0211,Professional,10,150,2022-04-07,2023-01-06,Ended,New Customer
SUB_CUST_0211_2,CUST_0211,Professional,5,75,2023-01-06,2023-09-28,Ended,Remove Seats
SUB_CUST_0211_3,CUST_0211,Professional,0,0,2023-09-28,,Churned,Customer Churn
SUB_CUST_0212_1,CUST_0212,Professional,25,375,2023-06-16,,Active,New Customer
SUB_CUST_0213_1,CUST_0213,Professional,5,75,2023-02-15,2023-12-27,Ended,New Customer
SUB_CUST_0213_2,CUST_0213,Professional,15,225,2023-12-27,2024-05-11,Ended,Add Seats
SUB_CUST_0213_3,CUST_0213,Professional,5,75,2024-05-11,,Active,Remove Seats
SUB_CUST_0214_1,CUST_0214,Starter,25,200,2023-03-01,2023-10-19,Ended,New Customer
SUB_CUST_0214_2,CUST_0214,Starter,0,0,2023-10-19,,Churned,Customer Churn
SUB_CUST_0215_1,CUST_0215,Starter,5,40,2022-08-16,2023-03-11,Ended,New Customer
SUB_CUST_0215_2,CUST_0215,Starter,0,0,2023-03-11,,Churned,Customer Churn
SUB_CUST_0216_1,CUST_0216,Professional,5,75,2023-02-03,2023-07-21,Ended,New Customer
SUB_CUST_0216_2,CUST_0216,Professional,0,0,2023-07-21,,Churned,Customer Churn
SUB_CUST_0217_1,CUST_0217,Starter,25,200,2023-02-26,2023-07-30,Ended,New Customer
SUB_CUST_0217_2,CUST_0217,Professional,25,375,2023-07-30,2023-12-22,Ended,Upgrade Plan
SUB_CUST_0217_3,CUST_0217,Professional,20,300,2023-12-22,,Active,Remove Seats
SUB_CUST_0218_1,CUST_0218,Starter,50,400,2024-01-04,,Active,New Customer
SUB_CUST_0219_1,CUST_0219,Starter,100,800,2022-09-03,2023-06-04,Ended,New Customer
SUB_CUST_0219_2,CUST_0219,Starter,90,720,2023-06-04,2024-05-29,Ended,Remove Seats
SUB_CUST_0219_3,CUST_0219,Professional,90,1350,2024-05-29,,Active,Upgrade Plan
SUB_CUST_0220_1,CUST_0220,Professional,25,375,2022-12-27,2023-04-25,Ended,New Customer
SUB_CUST_0220_2,CUST_0220,Starter,25,200,2023-04-25,2023-06-12,Ended,Downgrade Plan
SUB_CUST_0220_3,CUST_0220,Starter,0,0,2023-06-12,,Churned,Customer Churn
SUB_CUST_0221_1,CUST_0221,Professional,5,75,2023-09-09,2024-03-05,Ended,New Customer
SUB_CUST_0221_2,CUST_0221,Professional,0,0,2024-03-05,,Churned,Customer Churn
SUB_CUST_0222_1,CUST_0222,Starter,25,200,2022-01-15,2022-08-04,Ended,New Customer
SUB_CUST_0222_2,CUST_0222,Starter,50,400,2022-08-04,2023-05-13,Ended,Add Seats
SUB_CUST_0222_3,CUST_0222,Starter,0,0,2023-05-13,,Churned,Customer Churn
SUB_CUST_0223_1,CUST_0223,Enterprise,10,250,2022-07-28,2022-10-23,Ended,New Customer
SUB_CUST_0223_2,CUST_0223,Enterprise,35,875,2022-10-23,2023-04-02,Ended,Add Seats
SUB_CUST_0223_3,CUST_0223,Enterprise,0,0,2023-04-02,,Churned,Customer Churn
SUB_CUST_0224_1,CUST_0224,Professional,50,750,2022-01-22,2022-05-30,Ended,New Customer
SUB_CUST_0224_2,CUST_0224,Professional,75,1125,2022-05-30,2023-02-02,Ended,Add Seats
SUB_CUST_0224_3,CUST_0224,Professional,70,1050,2023-02-02,2023-04-21,Ended,Remove Seats
SUB_CUST_0224_4,CUST_0224,Professional,75,1125,2023-04-21,2023-09-25,Ended,Add Seats
SUB_CUST_0224_5,CUST_0224,Enterprise,75,1875,2023-09-25,,Active,Upgrade Plan
SUB_CUST_0225_1,CUST_0225,Enterprise,10,250,2023-02-19,2023-03-26,Ended,New Customer
SUB_CUST_0225_2,CUST_0225,Enterprise,20,500,2023-03-26,2023-05-26,Ended,Add Seats
SUB_CUST_0225_3,CUST_0225,Enterprise,10,250,2023-05-26,2024-01-18,Ended,Remove Seats
SUB_CUST_0225_4,CUST_0225,Enterprise,5,125,2024-01-18,,Active,Remove Seats
SUB_CUST_0226_1,CUST_0226,Starter,5,40,2023-04-04,2024-01-03,Ended,New Customer
SUB_CUST_0226_2,CUST_0226,Starter,30,240,2024-01-03,,Active,Add Seats
SUB_CUST_0227_1,CUST_0227,Professional,100,1500,2023-10-08,2024-02-26,Ended,New Customer
SUB_CUST_0227_2,CUST_0227,Professional,0,0,2024-02-26,,Churned,Customer Churn
SUB_CUST_0228_1,CUST_0228,Professional,10,150,2022-05-08,2023-03-22,Ended,New Customer
SUB_CUST_0228_2,CUST_0228,Enterprise,10,250,2023-03-22,2024-01-04,Ended,Upgrade Plan
SUB_CUST_0228_3,CUST_0228,Enterprise,35,875,2024-01-04,,Active,Add Seats
SUB_CUST_0229_1,CUST_0229,Starter,5,40,2023-11-18,2024-02-02,Ended,New Customer
SUB_CUST_0229_2,CUST_0229,Starter,0,0,2024-02-02,,Churned,Customer Churn
SUB_CUST_0230_1,CUST_0230,Enterprise,10,250,2023-11-24,,Active,New Customer
SUB_CUST_0231_1,CUST_0231,Professional,25,375,2022-03-31,2022-05-11,Ended,New Customer
SUB_CUST_0231_2,CUST_0231,Professional,30,450,2022-05-11,2023-04-02,Ended,Add Seats
SUB_CUST_0231_3,CUST_0231,Enterprise,30,750,2023-04-02,2023-06-03,Ended,Upgrade Plan
SUB_CUST_0231_4,CUST_0231,Enterprise,25,625,2023-06-03,2023-08-07,Ended,Remove Seats
SUB_CUST_0231_5,CUST_0231,Enterprise,0,0,2023-08-07,,Churned,Customer Churn
SUB_CUST_0232_1,CUST_0232,Starter,10,80,2024-01-04,,Active,New Customer
SUB_CUST_0233_1,CUST_0233,Starter,50,400,2023-10-16,2024-05-26,Ended,New Customer
SUB_CUST_0233_2,CUST_0233,Starter,75,600,2024-05-26,,Active,Add Seats
SUB_CUST_0234_1,CUST_0234,Professional,10,150,2022-07-26,2023-05-27,Ended,New Customer
SUB_CUST_0234_2,CUST_0234,Professional,15,225,2023-05-27,2023-10-18,Ended,Add Seats
SUB_CUST_0234_3,CUST_0234,Professional,0,0,2023-10-18,,Churned,Customer Churn
SUB_CUST_0235_1,CUST_0235,Enterprise,10,250,2022-02-05,2022-10-10,Ended,New Customer
SUB_CUST_0235_2,CUST_0235,Enterprise,5,125,2022-10-10,2023-05-05,Ended,Remove Seats
SUB_CUST_0235_3,CUST_0235,Enterprise,10,250,2023-05-05,2023-07-31,Ended,Add Seats
SUB_CUST_0235_4,CUST_0235,Enterprise,10,250,2023-07-31,,Active,Upgrade Plan
SUB_CUST_0236_1,CUST_0236,Starter,5,40,2022-01-25,2022-10-10,Ended,New Customer
SUB_CUST_0236_2,CUST_0236,Starter,5,40,2022-10-10,2022-12-01,Ended,Remove Seats
SUB_CUST_0236_3,CUST_0236,Starter,5,40,2022-12-01,2023-04-21,Ended,Downgrade Plan
SUB_CUST_0236_4,CUST_0236,Starter,0,0,2023-04-21,,Churned,Customer Churn
SUB_CUST_0237_1,CUST_0237,Starter,500,4000,2022-03-29,2023-02-16,Ended,New Customer
SUB_CUST_0237_2,CUST_0237,Starter,525,4200,2023-02-16,2023-08-29,Ended,Add Seats
SUB_CUST_0237_3,CUST_0237,Starter,530,4240,2023-08-29,,Active,Add Seats
SUB_CUST_0238_1,CUST_0238,Starter,5,40,2022-12-10,2023-11-07,Ended,New Customer
SUB_CUST_0238_2,CUST_0238,Starter,0,0,2023-11-07,,Churned,Customer Churn
SUB_CUST_0239_1,CUST_0239,Professional,10,150,2022-09-30,2023-04-24,Ended,New Customer
SUB_CUST_0239_2,CUST_0239,Professional,0,0,2023-04-24,,Churned,Customer Churn
SUB_CUST_0240_1,CUST_0240,Professional,10,150,2023-08-16,2023-11-30,Ended,New Customer
SUB_CUST_0240_2,CUST_0240,Professional,15,225,2023-11-30,,Active,Add Seats
SUB_CUST_0241_1,CUST_0241,Enterprise,10,250,2023-01-10,2023-10-04,Ended,New Customer
SUB_CUST_0241_2,CUST_0241,Enterprise,0,0,2023-10-04,,Churned,Customer Churn
SUB_CUST_0242_1,CUST_0242,Enterprise,25,625,2023-10-04,2024-03-06,Ended,New Customer
SUB_CUST_0242_2,CUST_0242,Enterprise,35,875,2024-03-06,,Active,Add Seats
SUB_CUST_0243_1,CUST_0243,Starter,25,200,2023-07-31,2024-01-14,Ended,New Customer
SUB_CUST_0243_2,CUST_0243,Starter,50,400,2024-01-14,2024-03-21,Ended,Add Seats
SUB_CUST_0243_3,CUST_0243,Starter,75,600,2024-03-21,,Active,Add Seats
SUB_CUST_0244_1,CUST_0244,Starter,50,400,2022-12-04,2023-01-10,Ended,New Customer
SUB_CUST_0244_2,CUST_0244,Starter,55,440,2023-01-10,2023-04-10,Ended,Add Seats
SUB_CUST_0244_3,CUST_0244,Starter,0,0,2023-04-10,,Churned,Customer Churn
SUB_CUST_0245_1,CUST_0245,Enterprise,25,625,2024-01-14,,Active,New Customer
SUB_CUST_0246_1,CUST_0246,Professional,50,750,2023-01-07,2023-11-06,Ended,New Customer
SUB_CUST_0246_2,CUST_0246,Professional,40,600,2023-11-06,,Active,Remove Seats
SUB_CUST_0247_1,CUST_0247,Starter,50,400,2024-02-12,,Active,New Customer
SUB_CUST_0248_1,CUST_0248,Starter,10,80,2022-11-12,2023-04-04,Ended,New Customer
SUB_CUST_0248_2,CUST_0248,Starter,0,0,2023-04-04,,Churned,Customer Churn
SUB_CUST_0249_1,CUST_0249,Starter,100,800,2022-01-26,2022-09-26,Ended,New Customer
SUB_CUST_0249_2,CUST_0249,Starter,105,840,2022-09-26,2023-05-08,Ended,Add Seats
SUB_CUST_0249_3,CUST_0249,Starter,100,800,2023-05-08,2024-05-07,Ended,Remove Seats
SUB_CUST_0249_4,CUST_0249,Starter,0,0,2024-05-07,,Churned,Customer Churn
SUB_CUST_0250_1,CUST_0250,Starter,50,400,2023-06-09,,Active,New Customer
SUB_CUST_0251_1,CUST_0251,Starter,25,200,2024-02-02,2024-05-13,Ended,New Customer
SUB_CUST_0251_2,CUST_0251,Starter,0,0,2024-05-13,,Churned,Customer Churn
SUB_CUST_0252_1,CUST_0252,Starter,50,400,2024-01-29,2024-03-29,Ended,New Customer
SUB_CUST_0252_2,CUST_0252,Starter,45,360,2024-03-29,2024-05-22,Ended,Remove Seats
SUB_CUST_0252_3,CUST_0252,Starter,0,0,2024-05-22,,Churned,Customer Churn
SUB_CUST_0253_1,CUST_0253,Starter,25,200,2023-10-03,,Active,New Customer
SUB_CUST_0254_1,CUST_0254,Starter,10,80,2022-08-23,2023-08-04,Ended,New Customer
SUB_CUST_0254_2,CUST_0254,Starter,5,40,2023-08-04,2023-09-11,Ended,Remove Seats
SUB_CUST_0254_3,CUST_0254,Professional,5,75,2023-09-11,2023-10-17,Ended,Upgrade Plan
SUB_CUST_0254_4,CUST_0254,Enterprise,5,125,2023-10-17,,Active,Upgrade Plan
SUB_CUST_0255_1,CUST_0255,Starter,50,400,2023-03-22,2023-07-21,Ended,New Customer
SUB_CUST_0255_2,CUST_0255,Professional,50,750,2023-07-21,,Active,Upgrade Plan
SUB_CUST_0256_1,CUST_0256,Starter,25,200,2022-08-20,2023-03-19,Ended,New Customer
SUB_CUST_0256_2,CUST_0256,Starter,35,280,2023-03-19,,Active,Add Seats
SUB_CUST_0257_1,CUST_0257,Starter,5,40,2023-09-23,2024-03-24,Ended,New Customer
SUB_CUST_0257_2,CUST_0257,Starter,5,40,2024-03-24,,Active,Remove Seats
SUB_CUST_0258_1,CUST_0258,Starter,10,80,2022-02-19,2022-04-18,Ended,New Customer
SUB_CUST_0258_2,CUST_0258,Starter,5,40,2022-04-18,,Active,Remove Seats
SUB_CUST_0259_1,CUST_0259,Professional,10,150,2023-11-06,2024-01-23,Ended,New Customer
SUB_CUST_0259_2,CUST_0259,Professional,0,0,2024-01-23,,Churned,Customer Churn
SUB_CUST_0260_1,CUST_0260,Starter,100,800,2022-03-08,2023-01-22,Ended,New Customer
SUB_CUST_0260_2,CUST_0260,Starter,100,800,2023-01-22,,Active,Downgrade Plan
SUB_CUST_0261_1,CUST_0261,Professional,5,75,2022-04-26,2022-06-11,Ended,New Customer
SUB_CUST_0261_2,CUST_0261,Professional,15,225,2022-06-11,,Active,Add Seats
SUB_CUST_0262_1,CUST_0262,Professional,50,750,2022-11-18,2023-07-09,Ended,New Customer
SUB_CUST_0262_2,CUST_0262,Professional,0,0,2023-07-09,,Churned,Customer Churn
SUB_CUST_0263_1,CUST_0263,Starter,5,40,2023-04-10,2023-11-25,Ended,New Customer
SUB_CUST_0263_2,CUST_0263,Starter,5,40,2023-11-25,2024-03-05,Ended,Remove Seats
SUB_CUST_0263_3,CUST_0263,Starter,0,0,2024-03-05,,Churned,Customer Churn
SUB_CUST_0264_1,CUST_0264,Professional,250,3750,2022-05-02,,Active,New Customer
SUB_CUST_0265_1,CUST_0265,Starter,5,40,2023-11-10,,Active,New Customer
SUB_CUST_0266_1,CUST_0266,Enterprise,10,250,2023-09-09,2024-05-26,Ended,New Customer
SUB_CUST_0266_2,CUST_0266,Professional,10,150,2024-05-26,,Active,Downgrade Plan
SUB_CUST_0267_1,CUST_0267,Starter,25,200,2023-11-02,,Active,New Customer
SUB_CUST_0268_1,CUST_0268,Professional,25,375,2023-04-04,,Active,New Customer
SUB_CUST_0269_1,CUST_0269,Starter,50,400,2022-08-28,2023-04-14,Ended,New Customer
SUB_CUST_0269_2,CUST_0269,Starter,55,440,2023-04-14,,Active,Add Seats
SUB_CUST_0270_1,CUST_0270,Starter,50,400,2023-04-24,2023-07-07,Ended,New Customer
SUB_CUST_0270_2,CUST_0270,Starter,60,480,2023-07-07,2024-04-24,Ended,Add Seats
SUB_CUST_0270_3,CUST_0270,Starter,60,480,2024-04-24,,Active,Downgrade Plan
SUB_CUST_0271_1,CUST_0271,Professional,25,375,2023-07-04,2024-02-16,Ended,New Customer
SUB_CUST_0271_2,CUST_0271,Enterprise,25,625,2024-02-16,2024-04-29,Ended,Upgrade Plan
SUB_CUST_0271_3,CUST_0271,Enterprise,0,0,2024-04-29,,Churned,Customer Churn
SUB_CUST_0272_1,CUST_0272,Professional,5,75,2023-01-13,2023-04-24,Ended,New Customer
SUB_CUST_0272_2,CUST_0272,Professional,15,225,2023-04-24,2023-06-25,Ended,Add Seats
SUB_CUST_0272_3,CUST_0272,Professional,25,375,2023-06-25,2024-03-28,Ended,Add Seats
SUB_CUST_0272_4,CUST_0272,Professional,0,0,2024-03-28,,Churned,Customer Churn
SUB_CUST_0273_1,CUST_0273,Starter,5,40,2023-07-15,,Active,New Customer
SUB_CUST_0274_1,CUST_0274,Starter,5,40,2022-10-31,,Active,New Customer
SUB_CUST_0275_1,CUST_0275,Starter,25,200,2023-09-07,2024-03-23,Ended,New Customer
SUB_CUST_0275_2,CUST_0275,Starter,25,200,2024-03-23,,Active,Downgrade Plan
SUB_CUST_0276_1,CUST_0276,Starter,25,200,2022-07-31,2023-05-02,Ended,New Customer
SUB_CUST_0276_2,CUST_0276,Starter,35,280,2023-05-02,2023-10-28,Ended,Add Seats
SUB_CUST_0276_3,CUST_0276,Starter,0,0,2023-10-28,,Churned,Customer Churn
SUB_CUST_0277_1,CUST_0277,Enterprise,50,1250,2024-02-02,,Active,New Customer
SUB_CUST_0278_1,CUST_0278,Starter,100,800,2023-09-03,,Active,New Customer
SUB_CUST_0279_1,CUST_0279,Professional,25,375,2022-10-07,2023-06-30,Ended,New Customer
SUB_CUST_0279_2,CUST_0279,Professional,0,0,2023-06-30,,Churned,Customer Churn
SUB_CUST_0280_1,CUST_0280,Starter,5,40,2022-11-22,2023-07-19,Ended,New Customer
SUB_CUST_0280_2,CUST_0280,Starter,5,40,2023-07-19,2023-12-19,Ended,Remove Seats
SUB_CUST_0280_3,CUST_0280,Starter,10,80,2023-12-19,,Active,Add Seats
SUB_CUST_0281_1,CUST_0281,Starter,25,200,2022-04-25,2023-02-22,Ended,New Customer
SUB_CUST_0281_2,CUST_0281,Starter,15,120,2023-02-22,2023-09-24,Ended,Remove Seats
SUB_CUST_0281_3,CUST_0281,Starter,0,0,2023-09-24,,Churned,Customer Churn
SUB_CUST_0282_1,CUST_0282,Starter,5,40,2022-05-13,2022-09-05,Ended,New Customer
SUB_CUST_0282_2,CUST_0282,Starter,5,40,2022-09-05,2023-08-31,Ended,Remove Seats
SUB_CUST_0282_3,CUST_0282,Starter,5,40,2023-08-31,2024-03-17,Ended,Remove Seats
SUB_CUST_0282_4,CUST_0282,Starter,0,0,2024-03-17,,Churned,Customer Churn
SUB_CUST_0283_1,CUST_0283,Starter,5,40,2023-10-31,,Active,New Customer
SUB_CUST_0284_1,CUST_0284,Starter,10,80,2022-12-10,2023-11-06,Ended,New Customer
SUB_CUST_0284_2,CUST_0284,Starter,5,40,2023-11-06,2023-12-18,Ended,Remove Seats
SUB_CUST_0284_3,CUST_0284,Starter,5,40,2023-12-18,2024-02-29,Ended,Downgrade Plan
SUB_CUST_0284_4,CUST_0284,Professional,5,75,2024-02-29,,Active,Upgrade Plan
SUB_CUST_0285_1,CUST_0285,Starter,10,80,2023-06-26,2024-03-29,Ended,New Customer
SUB_CUST_0285_2,CUST_0285,Starter,15,120,2024-03-29,,Active,Add Seats
SUB_CUST_0286_1,CUST_0286,Starter,5,40,2023-05-11,2023-06-21,Ended,New Customer
SUB_CUST_0286_2,CUST_0286,Starter,0,0,2023-06-21,,Churned,Customer Churn
SUB_CUST_0287_1,CUST_0287,Professional,5,75,2022-06-19,2022-11-20,Ended,New Customer
SUB_CUST_0287_2,CUST_0287,Professional,5,75,2022-11-20,2023-07-26,Ended,Remove Seats
SUB_CUST_0287_3,CUST_0287,Professional,0,0,2023-07-26,,Churned,Customer Churn
SUB_CUST_0288_1,CUST_0288,Professional,25,375,2022-12-27,2023-09-04,Ended,New Customer
SUB_CUST_0288_2,CUST_0288,Professional,50,750,2023-09-04,2024-01-13,Ended,Add Seats
SUB_CUST_0288_3,CUST_0288,Starter,50,400,2024-01-13,2024-02-14,Ended,Downgrade Plan
SUB_CUST_0288_4,CUST_0288,Starter,0,0,2024-02-14,,Churned,Customer Churn
SUB_CUST_0289_1,CUST_0289,Starter,25,200,2022-11-16,2023-10-07,Ended,New Customer
SUB_CUST_0289_2,CUST_0289,Professional,25,375,2023-10-07,2024-02-09,Ended,Upgrade Plan
SUB_CUST_0289_3,CUST_0289,Professional,30,450,2024-02-09,,Active,Add Seats
SUB_CUST_0290_1,CUST_0290,Professional,25,375,2024-01-31,,Active,New Customer
SUB_CUST_0291_1,CUST_0291,Professional,10,150,2023-09-02,,Active,New Customer
SUB_CUST_0292_1,CUST_0292,Enterprise,25,625,2022-09-26,2023-09-05,Ended,New Customer
SUB_CUST_0292_2,CUST_0292,Enterprise,20,500,2023-09-05,2024-02-04,Ended,Remove Seats
SUB_CUST_0292_3,CUST_0292,Enterprise,25,625,2024-02-04,2024-05-16,Ended,Add Seats
SUB_CUST_0292_4,CUST_0292,Enterprise,15,375,2024-05-16,,Active,Remove Seats
SUB_CUST_0293_1,CUST_0293,Starter,10,80,2023-08-20,,Active,New Customer
SUB_CUST_0294_1,CUST_0294,Professional,10,150,2022-09-27,2023-04-06,Ended,New Customer
SUB_CUST_0294_2,CUST_0294,Professional,0,0,2023-04-06,,Churned,Customer Churn
SUB_CUST_0295_1,CUST_0295,Enterprise,250,6250,2022-03-25,2022-08-01,Ended,New Customer
SUB_CUST_0295_2,CUST_0295,Enterprise,0,0,2022-08-01,,Churned,Customer Churn
SUB_CUST_0296_1,CUST_0296,Professional,10,150,2024-02-25,,Active,New Customer
SUB_CUST_0297_1,CUST_0297,Starter,25,200,2024-01-30,,Active,New Customer
SUB_CUST_0298_1,CUST_0298,Starter,5,40,2023-03-30,2023-12-19,Ended,New Customer
SUB_CUST_0298_2,CUST_0298,Starter,5,40,2023-12-19,2024-03-15,Ended,Remove Seats
SUB_CUST_0298_3,CUST_0298,Starter,5,40,2024-03-15,,Active,Remove Seats
SUB_CUST_0299_1,CUST_0299,Professional,10,150,2022-03-06,2022-11-08,Ended,New Customer
SUB_CUST_0299_2,CUST_0299,Enterprise,10,250,2022-11-08,2023-04-13,Ended,Upgrade Plan
SUB_CUST_0299_3,CUST_0299,Enterprise,15,375,2023-04-13,2023-11-07,Ended,Add Seats
SUB_CUST_0299_4,CUST_0299,Enterprise,0,0,2023-11-07,,Churned,Customer Churn
SUB_CUST_0300_1,CUST_0300,Starter,500,4000,2022-05-16,2022-10-14,Ended,New Customer
SUB_CUST_0300_2,CUST_0300,Starter,525,4200,2022-10-14,2023-05-11,Ended,Add Seats
SUB_CUST_0300_3,CUST_0300,Starter,0,0,2023-05-11,,Churned,Customer Churn
SUB_CUST_0301_1,CUST_0301,Starter,5,40,2023-10-28,2024-03-11,Ended,New Customer
SUB_CUST_0301_2,CUST_0301,Starter,0,0,2024-03-11,,Churned,Customer Churn
SUB_CUST_0302_1,CUST_0302,Professional,25,375,2023-06-29,2023-12-25,Ended,New Customer
SUB_CUST_0302_2,CUST_0302,Professional,35,525,2023-12-25,,Active,Add Seats
SUB_CUST_0303_1,CUST_0303,Starter,50,400,2022-05-28,2022-07-27,Ended,New Customer
SUB_CUST_0303_2,CUST_0303,Starter,0,0,2022-07-27,,Churned,Customer Churn
SUB_CUST_0304_1,CUST_0304,Professional,5,75,2022-07-17,2023-01-27,Ended,New Customer
SUB_CUST_0304_2,CUST_0304,Professional,0,0,2023-01-27,,Churned,Customer Churn
SUB_CUST_0305_1,CUST_0305,Starter,25,200,2023-09-03,2024-05-02,Ended,New Customer
SUB_CUST_0305_2,CUST_0305,Starter,30,240,2024-05-02,,Active,Add Seats
SUB_CUST_0306_1,CUST_0306,Professional,5,75,2023-09-18,2024-04-23,Ended,New Customer
SUB_CUST_0306_2,CUST_0306,Starter,5,40,2024-04-23,,Active,Downgrade Plan
SUB_CUST_0307_1,CUST_0307,Enterprise,50,1250,2022-01-04,,Active,New Customer
SUB_CUST_0308_1,CUST_0308,Professional,25,375,2023-12-14,,Active,New Customer
SUB_CUST_0309_1,CUST_0309,Starter,10,80,2023-09-10,2024-02-24,Ended,New Customer
SUB_CUST_0309_2,CUST_0309,Starter,20,160,2024-02-24,,Active,Add Seats
SUB_CUST_0310_1,CUST_0310,Professional,10,150,2022-07-22,2022-09-14,Ended,New Customer
SUB_CUST_0310_2,CUST_0310,Enterprise,10,250,2022-09-14,2023-06-06,Ended,Upgrade Plan
SUB_CUST_0310_3,CUST_0310,Enterprise,10,250,2023-06-06,2023-09-24,Ended,Upgrade Plan
SUB_CUST_0310_4,CUST_0310,Professional,10,150,2023-09-24,,Active,Downgrade Plan
SUB_CUST_0311_1,CUST_0311,Starter,25,200,2023-10-27,,Active,New Customer
SUB_CUST_0312_1,CUST_0312,Starter,100,800,2023-04-14,2024-04-13,Ended,New Customer
SUB_CUST_0312_2,CUST_0312,Starter,105,840,2024-04-13,,Active,Add Seats
SUB_CUST_0313_1,CUST_0313,Starter,25,200,2022-09-15,2023-02-11,Ended,New Customer
SUB_CUST_0313_2,CUST_0313,Starter,25,200,2023-02-11,,Active,Downgrade Plan
SUB_CUST_0314_1,CUST_0314,Starter,10,80,2022-05-28,2022-10-20,Ended,New Customer
SUB_CUST_0314_2,CUST_0314,Starter,5,40,2022-10-20,,Active,Remove Seats
SUB_CUST_0315_1,CUST_0315,Enterprise,500,12500,2023-06-18,2023-09-23,Ended,New Customer
SUB_CUST_0315_2,CUST_0315,Professional,500,7500,2023-09-23,2023-12-07,Ended,Downgrade Plan
SUB_CUST_0315_3,CUST_0315,Professional,0,0,2023-12-07,,Churned,Customer Churn
SUB_CUST_0316_1,CUST_0316,Starter,10,80,2022-06-09,2023-01-20,Ended,New Customer
SUB_CUST_0316_2,CUST_0316,Starter,0,0,2023-01-20,,Churned,Customer Churn
SUB_CUST_0317_1,CUST_0317,Professional,25,375,2022-07-26,,Active,New Customer
SUB_CUST_0318_1,CUST_0318,Professional,5,75,2022-01-14,2022-06-02,Ended,New Customer
SUB_CUST_0318_2,CUST_0318,Professional,5,75,2022-06-02,2023-05-13,Ended,Remove Seats
SUB_CUST_0318_3,CUST_0318,Professional,5,75,2023-05-13,,Active,Remove Seats
SUB_CUST_0319_1,CUST_0319,Starter,5,40,2022-06-06,2023-01-01,Ended,New Customer
SUB_CUST_0319_2,CUST_0319,Starter,0,0,2023-01-01,,Churned,Customer Churn
SUB_CUST_0320_1,CUST_0320,Professional,5,75,2023-05-04,2023-10-08,Ended,New Customer
SUB_CUST_0320_2,CUST_0320,Professional,5,75,2023-10-08,2023-11-20,Ended,Remove Seats
SUB_CUST_0320_3,CUST_0320,Professional,0,0,2023-11-20,,Churned,Customer Churn
SUB_CUST_0321_1,CUST_0321,Starter,25,200,2023-04-14,2023-11-30,Ended,New Customer
SUB_CUST_0321_2,CUST_0321,Starter,30,240,2023-11-30,2024-04-30,Ended,Add Seats
SUB_CUST_0321_3,CUST_0321,Starter,30,240,2024-04-30,,Active,Downgrade Plan
SUB_CUST_0322_1,CUST_0322,Professional,250,3750,2022-04-21,2022-10-30,Ended,New Customer
SUB_CUST_0322_2,CUST_0322,Enterprise,250,6250,2022-10-30,2023-09-16,Ended,Upgrade Plan
SUB_CUST_0322_3,CUST_0322,Professional,250,3750,2023-09-16,2024-01-12,Ended,Downgrade Plan
SUB_CUST_0322_4,CUST_0322,Professional,0,0,2024-01-12,,Churned,Customer Churn
SUB_CUST_0323_1,CUST_0323,Starter,5,40,2022-04-24,2022-06-13,Ended,New Customer
SUB_CUST_0323_2,CUST_0323,Starter,0,0,2022-06-13,,Churned,Customer Churn
SUB_CUST_0324_1,CUST_0324,Professional,25,375,2023-09-11,2024-05-10,Ended,New Customer
SUB_CUST_0324_2,CUST_0324,Starter,25,200,2024-05-10,,Active,Downgrade Plan
SUB_CUST_0325_1,CUST_0325,Starter,10,80,2022-08-26,2023-01-07,Ended,New Customer
SUB_CUST_0325_2,CUST_0325,Starter,0,0,2023-01-07,,Churned,Customer Churn
SUB_CUST_0326_1,CUST_0326,Professional,10,150,2022-08-30,2023-08-27,Ended,New Customer
SUB_CUST_0326_2,CUST_0326,Professional,5,75,2023-08-27,2024-05-06,Ended,Remove Seats
SUB_CUST_0326_3,CUST_0326,Professional,0,0,2024-05-06,,Churned,Customer Churn
SUB_CUST_0327_1,CUST_0327,Starter,5,40,2023-01-06,2023-09-25,Ended,New Customer
SUB_CUST_0327_2,CUST_0327,Starter,5,40,2023-09-25,2024-01-22,Ended,Remove Seats
SUB_CUST_0327_3,CUST_0327,Professional,5,75,2024-01-22,2024-02-26,Ended,Upgrade Plan
SUB_CUST_0327_4,CUST_0327,Professional,15,225,2024-02-26,,Active,Add Seats
SUB_CUST_0328_1,CUST_0328,Starter,25,200,2022-09-17,2022-12-16,Ended,New Customer
SUB_CUST_0328_2,CUST_0328,Starter,0,0,2022-12-16,,Churned,Customer Churn
SUB_CUST_0329_1,CUST_0329,Starter,10,80,2022-02-15,2022-07-29,Ended,New Customer
SUB_CUST_0329_2,CUST_0329,Starter,0,0,2022-07-29,,Churned,Customer Churn
SUB_CUST_0330_1,CUST_0330,Starter,10,80,2022-04-30,,Active,New Customer
SUB_CUST_0331_1,CUST_0331,Starter,5,40,2022-09-17,2023-08-06,Ended,New Customer
SUB_CUST_0331_2,CUST_0331,Starter,5,40,2023-08-06,2024-05-22,Ended,Remove Seats
SUB_CUST_0331_3,CUST_0331,Professional,5,75,2024-05-22,,Active,Upgrade Plan
SUB_CUST_0332_1,CUST_0332,Starter,10,80,2023-01-15,2023-05-16,Ended,New Customer
SUB_CUST_0332_2,CUST_0332,Starter,0,0,2023-05-16,,Churned,Customer Churn
SUB_CUST_0333_1,CUST_0333,Professional,100,1500,2022-02-24,2022-10-26,Ended,New Customer
SUB_CUST_0333_2,CUST_0333,Professional,105,1575,2022-10-26,2023-05-07,Ended,Add Seats
SUB_CUST_0333_3,CUST_0333,Professional,110,1650,2023-05-07,2023-08-06,Ended,Add Seats
SUB_CUST_0333_4,CUST_0333,Professional,105,1575,2023-08-06,2024-05-26,Ended,Remove Seats
SUB_CUST_0333_5,CUST_0333,Professional,0,0,2024-05-26,,Churned,Customer Churn
SUB_CUST_0334_1,CUST_0334,Starter,10,80,2023-09-15,2024-03-22,Ended,New Customer
SUB_CUST_0334_2,CUST_0334,Starter,35,280,2024-03-22,,Active,Add Seats
SUB_CUST_0335_1,CUST_0335,Starter,50,400,2022-11-08,2023-04-11,Ended,New Customer
SUB_CUST_0335_2,CUST_0335,Starter,50,400,2023-04-11,2024-01-18,Ended,Downgrade Plan
SUB_CUST_0335_3,CUST_0335,Starter,0,0,2024-01-18,,Churned,Customer Churn
SUB_CUST_0336_1,CUST_0336,Professional,10,150,2022-10-31,2023-02-15,Ended,New Customer
SUB_CUST_0336_2,CUST_0336,Enterprise,10,250,2023-02-15,2023-07-14,Ended,Upgrade Plan
SUB_CUST_0336_3,CUST_0336,Enterprise,5,125,2023-07-14,2023-08-13,Ended,Remove Seats
SUB_CUST_0336_4,CUST_0336,Enterprise,0,0,2023-08-13,,Churned,Customer Churn
SUB_CUST_0337_1,CUST_0337,Enterprise,25,625,2023-08-08,,Active,New Customer
SUB_CUST_0338_1,CUST_0338,Starter,250,2000,2023-01-05,2023-04-17,Ended,New Customer
SUB_CUST_0338_2,CUST_0338,Starter,0,0,2023-04-17,,Churned,Customer Churn
SUB_CUST_0339_1,CUST_0339,Starter,5,40,2022-05-25,2023-01-21,Ended,New Customer
SUB_CUST_0339_2,CUST_0339,Starter,0,0,2023-01-21,,Churned,Customer Churn
SUB_CUST_0340_1,CUST_0340,Starter,25,200,2023-08-02,2024-05-16,Ended,New Customer
SUB_CUST_0340_2,CUST_0340,Professional,25,375,2024-05-16,,Active,Upgrade Plan
SUB_CUST_0341_1,CUST_0341,Starter,250,2000,2022-04-07,2022-09-17,Ended,New Customer
SUB_CUST_0341_2,CUST_0341,Starter,0,0,2022-09-17,,Churned,Customer Churn
SUB_CUST_0342_1,CUST_0342,Professional,25,375,2023-09-03,2024-02-19,Ended,New Customer
SUB_CUST_0342_2,CUST_0342,Professional,30,450,2024-02-19,,Active,Add Seats
SUB_CUST_0343_1,CUST_0343,Starter,5,40,2022-06-19,2023-02-12,Ended,New Customer
SUB_CUST_0343_2,CUST_0343,Professional,5,75,2023-02-12,2023-06-28,Ended,Upgrade Plan
SUB_CUST_0343_3,CUST_0343,Starter,5,40,2023-06-28,2023-09-27,Ended,Downgrade Plan
SUB_CUST_0343_4,CUST_0343,Professional,5,75,2023-09-27,2024-03-30,Ended,Upgrade Plan
SUB_CUST_0343_5,CUST_0343,Professional,0,0,2024-03-30,,Churned,Customer Churn
SUB_CUST_0344_1,CUST_0344,Starter,50,400,2022-03-04,2022-08-08,Ended,New Customer
SUB_CUST_0344_2,CUST_0344,Starter,0,0,2022-08-08,,Churned,Customer Churn
SUB_CUST_0345_1,CUST_0345,Professional,25,375,2023-09-08,2024-01-05,Ended,New Customer
SUB_CUST_0345_2,CUST_0345,Enterprise,25,625,2024-01-05,,Active,Upgrade Plan
SUB_CUST_0346_1,CUST_0346,Starter,5,40,2023-01-24,2023-04-26,Ended,New Customer
SUB_CUST_0346_2,CUST_0346,Professional,5,75,2023-04-26,2023-09-16,Ended,Upgrade Plan
SUB_CUST_0346_3,CUST_0346,Enterprise,5,125,2023-09-16,2024-04-23,Ended,Upgrade Plan
SUB_CUST_0346_4,CUST_0346,Enterprise,5,125,2024-04-23,,Active,Remove Seats
SUB_CUST_0347_1,CUST_0347,Starter,5,40,2022-04-27,2023-01-09,Ended,New Customer
SUB_CUST_0347_2,CUST_0347,Starter,0,0,2023-01-09,,Churned,Customer Churn
SUB_CUST_0348_1,CUST_0348,Enterprise,50,1250,2022-05-23,2022-07-13,Ended,New Customer
SUB_CUST_0348_2,CUST_0348,Enterprise,0,0,2022-07-13,,Churned,Customer Churn
SUB_CUST_0349_1,CUST_0349,Starter,25,200,2022-03-20,2022-11-07,Ended,New Customer
SUB_CUST_0349_2,CUST_0349,Starter,25,200,2022-11-07,2023-07-13,Ended,Downgrade Plan
SUB_CUST_0349_3,CUST_0349,Starter,30,240,2023-07-13,2023-12-30,Ended,Add Seats
SUB_CUST_0349_4,CUST_0349,Starter,35,280,2023-12-30,,Active,Add Seats
SUB_CUST_0350_1,CUST_0350,Professional,10,150,2023-01-17,2023-10-19,Ended,New Customer
SUB_CUST_0350_2,CUST_0350,Enterprise,10,250,2023-10-19,2024-01-27,Ended,Upgrade Plan
SUB_CUST_0350_3,CUST_0350,Professional,10,150,2024-01-27,,Active,Downgrade Plan
SUB_CUST_0351_1,CUST_0351,Professional,50,750,2023-01-23,2023-09-05,Ended,New Customer
SUB_CUST_0351_2,CUST_0351,Professional,0,0,2023-09-05,,Churned,Customer Churn
SUB_CUST_0352_1,CUST_0352,Starter,50,400,2023-07-12,2024-05-26,Ended,New Customer
SUB_CUST_0352_2,CUST_0352,Starter,40,320,2024-05-26,,Active,Remove Seats
SUB_CUST_0353_1,CUST_0353,Professional,5,75,2023-05-11,2023-10-31,Ended,New Customer
SUB_CUST_0353_2,CUST_0353,Enterprise,5,125,2023-10-31,,Active,Upgrade Plan
SUB_CUST_0354_1,CUST_0354,Professional,500,7500,2023-07-10,2023-09-29,Ended,New Customer
SUB_CUST_0354_2,CUST_0354,Professional,505,7575,2023-09-29,2023-11-26,Ended,Add Seats
SUB_CUST_0354_3,CUST_0354,Professional,0,0,2023-11-26,,Churned,Customer Churn
SUB_CUST_0355_1,CUST_0355,Professional,500,7500,2022-12-07,2023-04-04,Ended,New Customer
SUB_CUST_0355_2,CUST_0355,Professional,525,7875,2023-04-04,2023-11-03,Ended,Add Seats
SUB_CUST_0355_3,CUST_0355,Professional,0,0,2023-11-03,,Churned,Customer Churn
SUB_CUST_0356_1,CUST_0356,Professional,10,150,2022-02-13,2022-05-26,Ended,New Customer
SUB_CUST_0356_2,CUST_0356,Professional,5,75,2022-05-26,2023-03-04,Ended,Remove Seats
SUB_CUST_0356_3,CUST_0356,Professional,5,75,2023-03-04,2023-05-19,Ended,Remove Seats
SUB_CUST_0356_4,CUST_0356,Enterprise,5,125,2023-05-19,2023-06-28,Ended,Upgrade Plan
SUB_CUST_0356_5,CUST_0356,Enterprise,5,125,2023-06-28,,Active,Remove Seats
SUB_CUST_0357_1,CUST_0357,Enterprise,10,250,2022-11-09,2023-05-23,Ended,New Customer
SUB_CUST_0357_2,CUST_0357,Enterprise,10,250,2023-05-23,2023-09-02,Ended,Upgrade Plan
SUB_CUST_0357_3,CUST_0357,Enterprise,0,0,2023-09-02,,Churned,Customer Churn
SUB_CUST_0358_1,CUST_0358,Enterprise,10,250,2023-07-21,2024-03-09,Ended,New Customer
SUB_CUST_0358_2,CUST_0358,Enterprise,5,125,2024-03-09,,Active,Remove Seats
SUB_CUST_0359_1,CUST_0359,Professional,10,150,2022-09-02,2023-06-08,Ended,New Customer
SUB_CUST_0359_2,CUST_0359,Professional,5,75,2023-06-08,2024-04-20,Ended,Remove Seats
SUB_CUST_0359_3,CUST_0359,Professional,5,75,2024-04-20,,Active,Remove Seats
SUB_CUST_0360_1,CUST_0360,Starter,25,200,2022-09-30,2023-01-28,Ended,New Customer
SUB_CUST_0360_2,CUST_0360,Starter,0,0,2023-01-28,,Churned,Customer Churn
SUB_CUST_0361_1,CUST_0361,Enterprise,50,1250,2023-09-01,2024-01-02,Ended,New Customer
SUB_CUST_0361_2,CUST_0361,Enterprise,45,1125,2024-01-02,2024-03-25,Ended,Remove Seats
SUB_CUST_0361_3,CUST_0361,Enterprise,0,0,2024-03-25,,Churned,Customer Churn
SUB_CUST_0362_1,CUST_0362,Starter,5,40,2022-08-07,2023-02-16,Ended,New Customer
SUB_CUST_0362_2,CUST_0362,Starter,10,80,2023-02-16,2024-02-08,Ended,Add Seats
SUB_CUST_0362_3,CUST_0362,Starter,0,0,2024-02-08,,Churned,Customer Churn
SUB_CUST_0363_1,CUST_0363,Starter,5,40,2023-06-06,2023-08-09,Ended,New Customer
SUB_CUST_0363_2,CUST_0363,Starter,10,80,2023-08-09,2023-10-02,Ended,Add Seats
SUB_CUST_0363_3,CUST_0363,Starter,35,280,2023-10-02,2024-01-25,Ended,Add Seats
SUB_CUST_0363_4,CUST_0363,Starter,0,0,2024-01-25,,Churned,Customer Churn
SUB_CUST_0364_1,CUST_0364,Enterprise,10,250,2024-02-05,,Active,New Customer
SUB_CUST_0365_1,CUST_0365,Starter,5,40,2022-12-17,2023-06-15,Ended,New Customer
SUB_CUST_0365_2,CUST_0365,Professional,5,75,2023-06-15,2023-09-06,Ended,Upgrade Plan
SUB_CUST_0365_3,CUST_0365,Enterprise,5,125,2023-09-06,2024-04-15,Ended,Upgrade Plan
SUB_CUST_0365_4,CUST_0365,Enterprise,10,250,2024-04-15,,Active,Add Seats
SUB_CUST_0366_1,CUST_0366,Professional,25,375,2023-06-09,2023-07-24,Ended,New Customer
SUB_CUST_0366_2,CUST_0366,Starter,25,200,2023-07-24,,Active,Downgrade Plan
SUB_CUST_0367_1,CUST_0367,Starter,5,40,2023-11-06,2024-03-12,Ended,New Customer
SUB_CUST_0367_2,CUST_0367,Starter,5,40,2024-03-12,,Active,Downgrade Plan
SUB_CUST_0368_1,CUST_0368,Professional,5,75,2023-02-17,,Active,New Customer
SUB_CUST_0369_1,CUST_0369,Professional,50,750,2023-09-03,2024-04-04,Ended,New Customer
SUB_CUST_0369_2,CUST_0369,Enterprise,50,1250,2024-04-04,,Active,Upgrade Plan
SUB_CUST_0370_1,CUST_0370,Starter,5,40,2024-01-17,,Active,New Customer
SUB_CUST_0371_1,CUST_0371,Starter,5,40,2022-05-08,2023-02-03,Ended,New Customer
SUB_CUST_0371_2,CUST_0371,Starter,5,40,2023-02-03,2023-04-20,Ended,Downgrade Plan
SUB_CUST_0371_3,CUST_0371,Starter,5,40,2023-04-20,2023-12-01,Ended,Remove Seats
SUB_CUST_0371_4,CUST_0371,Starter,15,120,2023-12-01,,Active,Add Seats
SUB_CUST_0372_1,CUST_0372,Starter,5,40,2023-11-15,2024-01-15,Ended,New Customer
SUB_CUST_0372_2,CUST_0372,Starter,30,240,2024-01-15,2024-03-28,Ended,Add Seats
SUB_CUST_0372_3,CUST_0372,Starter,20,160,2024-03-28,,Active,Remove Seats
SUB_CUST_0373_1,CUST_0373,Professional,50,750,2022-12-20,2023-08-21,Ended,New Customer
SUB_CUST_0373_2,CUST_0373,Professional,0,0,2023-08-21,,Churned,Customer Churn
SUB_CUST_0374_1,CUST_0374,Professional,5,75,2024-01-08,,Active,New Customer
SUB_CUST_0375_1,CUST_0375,Professional,100,1500,2022-02-23,2023-02-05,Ended,New Customer
SUB_CUST_0375_2,CUST_0375,Enterprise,100,2500,2023-02-05,2023-10-22,Ended,Upgrade Plan
SUB_CUST_0375_3,CUST_0375,Enterprise,105,2625,2023-10-22,2024-02-27,Ended,Add Seats
SUB_CUST_0375_4,CUST_0375,Enterprise,105,2625,2024-02-27,,Active,Upgrade Plan
SUB_CUST_0376_1,CUST_0376,Enterprise,25,625,2022-11-10,2023-04-21,Ended,New Customer
SUB_CUST_0376_2,CUST_0376,Enterprise,50,1250,2023-04-21,2023-06-24,Ended,Add Seats
SUB_CUST_0376_3,CUST_0376,Enterprise,50,1250,2023-06-24,2024-05-01,Ended,Upgrade Plan
SUB_CUST_0376_4,CUST_0376,Enterprise,60,1500,2024-05-01,,Active,Add Seats
SUB_CUST_0377_1,CUST_0377,Starter,5,40,2023-10-14,,Active,New Customer
SUB_CUST_0378_1,CUST_0378,Enterprise,25,625,2022-06-05,2022-11-28,Ended,New Customer
SUB_CUST_0378_2,CUST_0378,Enterprise,0,0,2022-11-28,,Churned,Customer Churn
SUB_CUST_0379_1,CUST_0379,Enterprise,5,125,2023-06-19,2024-05-06,Ended,New Customer
SUB_CUST_0379_2,CUST_0379,Enterprise,5,125,2024-05-06,,Active,Remove Seats
SUB_CUST_0380_1,CUST_0380,Professional,25,375,2022-08-12,2023-04-01,Ended,New Customer
SUB_CUST_0380_2,CUST_0380,Professional,0,0,2023-04-01,,Churned,Customer Churn
SUB_CUST_0381_1,CUST_0381,Professional,5,75,2023-05-30,2023-11-13,Ended,New Customer
SUB_CUST_0381_2,CUST_0381,Professional,0,0,2023-11-13,,Churned,Customer Churn
SUB_CUST_0382_1,CUST_0382,Starter,50,400,2022-02-01,2022-11-09,Ended,New Customer
SUB_CUST_0382_2,CUST_0382,Starter,0,0,2022-11-09,,Churned,Customer Churn
SUB_CUST_0383_1,CUST_0383,Enterprise,5,125,2022-06-02,2023-02-13,Ended,New Customer
SUB_CUST_0383_2,CUST_0383,Enterprise,0,0,2023-02-13,,Churned,Customer Churn
SUB_CUST_0384_1,CUST_0384,Starter,10,80,2023-05-14,2023-09-17,Ended,New Customer
SUB_CUST_0384_2,CUST_0384,Starter,10,80,2023-09-17,2024-05-12,Ended,Downgrade Plan
SUB_CUST_0384_3,CUST_0384,Starter,0,0,2024-05-12,,Churned,Customer Churn
SUB_CUST_0385_1,CUST_0385,Enterprise,10,250,2023-08-04,2024-02-09,Ended,New Customer
SUB_CUST_0385_2,CUST_0385,Enterprise,0,0,2024-02-09,,Churned,Customer Churn
SUB_CUST_0386_1,CUST_0386,Starter,50,400,2023-09-19,2023-11-02,Ended,New Customer
SUB_CUST_0386_2,CUST_0386,Starter,55,440,2023-11-02,2024-04-07,Ended,Add Seats
SUB_CUST_0386_3,CUST_0386,Professional,55,825,2024-04-07,,Active,Upgrade Plan
SUB_CUST_0387_1,CUST_0387,Professional,5,75,2023-07-14,2024-04-27,Ended,New Customer
SUB_CUST_0387_2,CUST_0387,Professional,10,150,2024-04-27,,Active,Add Seats
SUB_CUST_0388_1,CUST_0388,Starter,10,80,2023-08-02,2024-04-30,Ended,New Customer
SUB_CUST_0388_2,CUST_0388,Starter,5,40,2024-04-30,,Active,Remove Seats
SUB_CUST_0389_1,CUST_0389,Starter,10,80,2022-05-21,2023-04-08,Ended,New Customer
SUB_CUST_0389_2,CUST_0389,Starter,0,0,2023-04-08,,Churned,Customer Churn
SUB_CUST_0390_1,CUST_0390,Enterprise,25,625,2022-11-29,2023-05-15,Ended,New Customer
SUB_CUST_0390_2,CUST_0390,Enterprise,20,500,2023-05-15,2023-06-18,Ended,Remove Seats
SUB_CUST_0390_3,CUST_0390,Professional,20,300,2023-06-18,2023-10-14,Ended,Downgrade Plan
SUB_CUST_0390_4,CUST_0390,Professional,15,225,2023-10-14,,Active,Remove Seats
SUB_CUST_0391_1,CUST_0391,Professional,25,375,2023-04-20,2023-11-28,Ended,New Customer
SUB_CUST_0391_2,CUST_0391,Professional,0,0,2023-11-28,,Churned,Customer Churn
SUB_CUST_0392_1,CUST_0392,Starter,10,80,2023-12-15,,Active,New Customer
SUB_CUST_0393_1,CUST_0393,Professional,5,75,2023-09-09,2024-04-17,Ended,New Customer
SUB_CUST_0393_2,CUST_0393,Professional,5,75,2024-04-17,,Active,Remove Seats
SUB_CUST_0394_1,CUST_0394,Starter,500,4000,2024-01-19,,Active,New Customer
SUB_CUST_0395_1,CUST_0395,Professional,250,3750,2023-02-10,2023-06-16,Ended,New Customer
SUB_CUST_0395_2,CUST_0395,Enterprise,250,6250,2023-06-16,2023-08-14,Ended,Upgrade Plan
SUB_CUST_0395_3,CUST_0395,Enterprise,0,0,2023-08-14,,Churned,Customer Churn
SUB_CUST_0396_1,CUST_0396,Professional,25,375,2023-09-20,,Active,New Customer
SUB_CUST_0397_1,CUST_0397,Enterprise,5,125,2024-02-12,,Active,New Customer
SUB_CUST_0398_1,CUST_0398,Professional,500,7500,2022-02-24,2022-09-17,Ended,New Customer
SUB_CUST_0398_2,CUST_0398,Professional,0,0,2022-09-17,,Churned,Customer Churn
SUB_CUST_0399_1,CUST_0399,Professional,25,375,2022-12-12,2023-07-13,Ended,New Customer
SUB_CUST_0399_2,CUST_0399,Professional,20,300,2023-07-13,2024-05-23,Ended,Remove Seats
SUB_CUST_0399_3,CUST_0399,Professional,25,375,2024-05-23,,Active,Add Seats
SUB_CUST_0400_1,CUST_0400,Enterprise,50,1250,2022-10-12,2023-03-04,Ended,New Customer
SUB_CUST_0400_2,CUST_0400,Enterprise,75,1875,2023-03-04,2023-11-04,Ended,Add Seats
SUB_CUST_0400_3,CUST_0400,Enterprise,0,0,2023-11-04,,Churned,Customer Churn
SUB_CUST_0401_1,CUST_0401,Starter,25,200,2023-05-30,2023-08-28,Ended,New Customer
SUB_CUST_0401_2,CUST_0401,Starter,25,200,2023-08-28,,Active,Downgrade Plan
SUB_CUST_0402_1,CUST_0402,Starter,5,40,2022-04-21,2022-12-02,Ended,New Customer
SUB_CUST_0402_2,CUST_0402,Starter,5,40,2022-12-02,,Active,Remove Seats
SUB_CUST_0403_1,CUST_0403,Starter,5,40,2022-08-23,2023-07-10,Ended,New Customer
SUB_CUST_0403_2,CUST_0403,Starter,0,0,2023-07-10,,Churned,Customer Churn
SUB_CUST_0404_1,CUST_0404,Starter,50,400,2023-12-12,2024-02-21,Ended,New Customer
SUB_CUST_0404_2,CUST_0404,Starter,50,400,2024-02-21,,Active,Downgrade Plan
SUB_CUST_0405_1,CUST_0405,Professional,5,75,2023-05-02,2023-08-26,Ended,New Customer
SUB_CUST_0405_2,CUST_0405,Professional,5,75,2023-08-26,2023-11-09,Ended,Remove Seats
SUB_CUST_0405_3,CUST_0405,Enterprise,5,125,2023-11-09,,Active,Upgrade Plan
SUB_CUST_0406_1,CUST_0406,Starter,10,80,2023-09-19,,Active,New Customer
SUB_CUST_0407_1,CUST_0407,Professional,250,3750,2022-11-06,2023-09-03,Ended,New Customer
SUB_CUST_0407_2,CUST_0407,Professional,275,4125,2023-09-03,,Active,Add Seats
SUB_CUST_0408_1,CUST_0408,Starter,50,400,2023-01-22,2023-04-14,Ended,New Customer
SUB_CUST_0408_2,CUST_0408,Starter,75,600,2023-04-14,2023-06-16,Ended,Add Seats
SUB_CUST_0408_3,CUST_0408,Starter,0,0,2023-06-16,,Churned,Customer Churn
SUB_CUST_0409_1,CUST_0409,Enterprise,10,250,2023-04-09,2024-02-01,Ended,New Customer
SUB_CUST_0409_2,CUST_0409,Enterprise,35,875,2024-02-01,,Active,Add Seats
SUB_CUST_0410_1,CUST_0410,Starter,5,40,2024-02-01,,Active,New Customer
SUB_CUST_0411_1,CUST_0411,Starter,25,200,2022-01-30,2022-03-12,Ended,New Customer
SUB_CUST_0411_2,CUST_0411,Starter,20,160,2022-03-12,2023-03-10,Ended,Remove Seats
SUB_CUST_0411_3,CUST_0411,Starter,0,0,2023-03-10,,Churned,Customer Churn
SUB_CUST_0412_1,CUST_0412,Enterprise,5,125,2023-08-06,2023-09-29,Ended,New Customer
SUB_CUST_0412_2,CUST_0412,Enterprise,5,125,2023-09-29,,Active,Remove Seats
SUB_CUST_0413_1,CUST_0413,Starter,5,40,2022-01-31,2022-05-04,Ended,New Customer
SUB_CUST_0413_2,CUST_0413,Starter,5,40,2022-05-04,2022-09-16,Ended,Remove Seats
SUB_CUST_0413_3,CUST_0413,Starter,5,40,2022-09-16,2022-12-06,Ended,Remove Seats
SUB_CUST_0413_4,CUST_0413,Starter,5,40,2022-12-06,2023-03-16,Ended,Remove Seats
SUB_CUST_0413_5,CUST_0413,Starter,5,40,2023-03-16,2024-01-01,Ended,Downgrade Plan
SUB_CUST_0413_6,CUST_0413,Starter,0,0,2024-01-01,,Churned,Customer Churn
SUB_CUST_0414_1,CUST_0414,Starter,50,400,2022-07-02,2023-06-08,Ended,New Customer
SUB_CUST_0414_2,CUST_0414,Starter,60,480,2023-06-08,2023-10-19,Ended,Add Seats
SUB_CUST_0414_3,CUST_0414,Starter,70,560,2023-10-19,2023-12-08,Ended,Add Seats
SUB_CUST_0414_4,CUST_0414,Starter,65,520,2023-12-08,,Active,Remove Seats
SUB_CUST_0415_1,CUST_0415,Starter,5,40,2023-05-29,,Active,New Customer
SUB_CUST_0416_1,CUST_0416,Enterprise,25,625,2022-06-21,2022-09-05,Ended,New Customer
SUB_CUST_0416_2,CUST_0416,Enterprise,0,0,2022-09-05,,Churned,Customer Churn
SUB_CUST_0417_1,CUST_0417,Professional,5,75,2022-04-27,2022-09-22,Ended,New Customer
SUB_CUST_0417_2,CUST_0417,Starter,5,40,2022-09-22,2023-03-06,Ended,Downgrade Plan
SUB_CUST_0417_3,CUST_0417,Starter,5,40,2023-03-06,,Active,Downgrade Plan
SUB_CUST_0418_1,CUST_0418,Enterprise,50,1250,2022-09-29,2023-04-07,Ended,New Customer
SUB_CUST_0418_2,CUST_0418,Professional,50,750,2023-04-07,2023-05-30,Ended,Downgrade Plan
SUB_CUST_0418_3,CUST_0418,Enterprise,50,1250,2023-05-30,2024-05-25,Ended,Upgrade Plan
SUB_CUST_0418_4,CUST_0418,Enterprise,60,1500,2024-05-25,,Active,Add Seats
SUB_CUST_0419_1,CUST_0419,Enterprise,5,125,2023-02-21,2023-06-24,Ended,New Customer
SUB_CUST_0419_2,CUST_0419,Enterprise,5,125,2023-06-24,2024-03-13,Ended,Upgrade Plan
SUB_CUST_0419_3,CUST_0419,Enterprise,15,375,2024-03-13,,Active,Add Seats
SUB_CUST_0420_1,CUST_0420,Professional,50,750,2023-10-18,2023-12-17,Ended,New Customer
SUB_CUST_0420_2,CUST_0420,Professional,0,0,2023-12-17,,Churned,Customer Churn
SUB_CUST_0421_1,CUST_0421,Starter,100,800,2022-09-05,2023-07-23,Ended,New Customer
SUB_CUST_0421_2,CUST_0421,Starter,95,760,2023-07-23,2024-02-21,Ended,Remove Seats
SUB_CUST_0421_3,CUST_0421,Starter,90,720,2024-02-21,,Active,Remove Seats
SUB_CUST_0422_1,CUST_0422,Enterprise,10,250,2022-06-25,,Active,New Customer
SUB_CUST_0423_1,CUST_0423,Starter,50,400,2023-05-04,2024-03-24,Ended,New Customer
SUB_CUST_0423_2,CUST_0423,Starter,0,0,2024-03-24,,Churned,Customer Churn
SUB_CUST_0424_1,CUST_0424,Enterprise,25,625,2022-12-14,2023-10-07,Ended,New Customer
SUB_CUST_0424_2,CUST_0424,Enterprise,20,500,2023-10-07,2024-03-12,Ended,Remove Seats
SUB_CUST_0424_3,CUST_0424,Professional,20,300,2024-03-12,,Active,Downgrade Plan
SUB_CUST_0425_1,CUST_0425,Starter,50,400,2023-08-21,,Active,New Customer
SUB_CUST_0426_1,CUST_0426,Starter,100,800,2022-03-26,2022-12-21,Ended,New Customer
SUB_CUST_0426_2,CUST_0426,Starter,0,0,2022-12-21,,Churned,Customer Churn
SUB_CUST_0427_1,CUST_0427,Starter,10,80,2022-09-14,2023-03-05,Ended,New Customer
SUB_CUST_0427_2,CUST_0427,Professional,10,150,2023-03-05,2024-02-27,Ended,Upgrade Plan
SUB_CUST_0427_3,CUST_0427,Professional,15,225,2024-02-27,,Active,Add Seats
SUB_CUST_0428_1,CUST_0428,Enterprise,10,250,2023-11-22,,Active,New Customer
SUB_CUST_0429_1,CUST_0429,Starter,10,80,2023-05-06,2023-07-27,Ended,New Customer
SUB_CUST_0429_2,CUST_0429,Starter,10,80,2023-07-27,,Active,Downgrade Plan
SUB_CUST_0430_1,CUST_0430,Enterprise,50,1250,2022-01-01,2022-12-23,Ended,New Customer
SUB_CUST_0430_2,CUST_0430,Enterprise,75,1875,2022-12-23,2023-12-23,Ended,Add Seats
SUB_CUST_0430_3,CUST_0430,Enterprise,65,1625,2023-12-23,2024-02-18,Ended,Remove Seats
SUB_CUST_0430_4,CUST_0430,Enterprise,0,0,2024-02-18,,Churned,Customer Churn
SUB_CUST_0431_1,CUST_0431,Starter,50,400,2023-12-07,,Active,New Customer
SUB_CUST_0432_1,CUST_0432,Starter,50,400,2023-12-04,,Active,New Customer
SUB_CUST_0433_1,CUST_0433,Enterprise,250,6250,2023-07-06,2024-04-28,Ended,New Customer
SUB_CUST_0433_2,CUST_0433,Enterprise,255,6375,2024-04-28,,Active,Add Seats
SUB_CUST_0434_1,CUST_0434,Starter,50,400,2022-09-13,2023-05-10,Ended,New Customer
SUB_CUST_0434_2,CUST_0434,Professional,50,750,2023-05-10,2023-09-13,Ended,Upgrade Plan
SUB_CUST_0434_3,CUST_0434,Enterprise,50,1250,2023-09-13,2024-01-31,Ended,Upgrade Plan
SUB_CUST_0434_4,CUST_0434,Professional,50,750,2024-01-31,,Active,Downgrade Plan
SUB_CUST_0435_1,CUST_0435,Professional,5,75,2022-06-17,2023-05-14,Ended,New Customer
SUB_CUST_0435_2,CUST_0435,Enterprise,5,125,2023-05-14,2024-02-02,Ended,Upgrade Plan
SUB_CUST_0435_3,CUST_0435,Enterprise,5,125,2024-02-02,2024-03-05,Ended,Remove Seats
SUB_CUST_0435_4,CUST_0435,Enterprise,5,125,2024-03-05,,Active,Remove Seats
SUB_CUST_0436_1,CUST_0436,Enterprise,50,1250,2024-01-21,,Active,New Customer
SUB_CUST_0437_1,CUST_0437,Professional,5,75,2022-09-27,2023-08-30,Ended,New Customer
SUB_CUST_0437_2,CUST_0437,Professional,5,75,2023-08-30,2024-04-12,Ended,Remove Seats
SUB_CUST_0437_3,CUST_0437,Starter,5,40,2024-04-12,,Active,Downgrade Plan
SUB_CUST_0438_1,CUST_0438,Starter,10,80,2023-03-02,2023-06-08,Ended,New Customer
SUB_CUST_0438_2,CUST_0438,Professional,10,150,2023-06-08,2024-03-26,Ended,Upgrade Plan
SUB_CUST_0438_3,CUST_0438,Professional,35,525,2024-03-26,,Active,Add Seats
SUB_CUST_0439_1,CUST_0439,Starter,25,200,2022-12-04,2023-06-28,Ended,New Customer
SUB_CUST_0439_2,CUST_0439,Starter,0,0,2023-06-28,,Churned,Customer Churn
SUB_CUST_0440_1,CUST_0440,Enterprise,25,625,2022-07-26,2023-05-09,Ended,New Customer
SUB_CUST_0440_2,CUST_0440,Enterprise,15,375,2023-05-09,2023-12-05,Ended,Remove Seats
SUB_CUST_0440_3,CUST_0440,Enterprise,5,125,2023-12-05,,Active,Remove Seats
SUB_CUST_0441_1,CUST_0441,Enterprise,10,250,2023-03-21,,Active,New Customer
SUB_CUST_0442_1,CUST_0442,Starter,5,40,2022-06-15,2022-10-25,Ended,New Customer
SUB_CUST_0442_2,CUST_0442,Starter,10,80,2022-10-25,2023-04-01,Ended,Add Seats
SUB_CUST_0442_3,CUST_0442,Professional,10,150,2023-04-01,,Active,Upgrade Plan
SUB_CUST_0443_1,CUST_0443,Starter,10,80,2023-04-04,2023-12-21,Ended,New Customer
SUB_CUST_0443_2,CUST_0443,Professional,10,150,2023-12-21,,Active,Upgrade Plan
SUB_CUST_0444_1,CUST_0444,Professional,25,375,2022-12-15,2023-06-10,Ended,New Customer
SUB_CUST_0444_2,CUST_0444,Professional,20,300,2023-06-10,2024-01-24,Ended,Remove Seats
SUB_CUST_0444_3,CUST_0444,Starter,20,160,2024-01-24,,Active,Downgrade Plan
SUB_CUST_0445_1,CUST_0445,Starter,5,40,2022-03-25,2022-12-06,Ended,New Customer
SUB_CUST_0445_2,CUST_0445,Starter,0,0,2022-12-06,,Churned,Customer Churn
SUB_CUST_0446_1,CUST_0446,Professional,10,150,2023-07-26,2023-12-02,Ended,New Customer
SUB_CUST_0446_2,CUST_0446,Professional,15,225,2023-12-02,2024-02-08,Ended,Add Seats
SUB_CUST_0446_3,CUST_0446,Professional,20,300,2024-02-08,2024-05-09,Ended,Add Seats
SUB_CUST_0446_4,CUST_0446,Professional,30,450,2024-05-09,,Active,Add Seats
SUB_CUST_0447_1,CUST_0447,Starter,50,400,2022-07-22,,Active,New Customer
SUB_CUST_0448_1,CUST_0448,Professional,5,75,2023-12-26,,Active,New Customer
SUB_CUST_0449_1,CUST_0449,Professional,25,375,2022-03-21,2022-09-21,Ended,New Customer
SUB_CUST_0449_2,CUST_0449,Starter,25,200,2022-09-21,2023-04-22,Ended,Downgrade Plan
SUB_CUST_0449_3,CUST_0449,Professional,25,375,2023-04-22,2024-02-15,Ended,Upgrade Plan
SUB_CUST_0449_4,CUST_0449,Professional,30,450,2024-02-15,,Active,Add Seats
SUB_CUST_0450_1,CUST_0450,Starter,10,80,2022-09-05,,Active,New Customer
SUB_CUST_0451_1,CUST_0451,Enterprise,25,625,2022-12-10,2023-06-08,Ended,New Customer
SUB_CUST_0451_2,CUST_0451,Enterprise,50,1250,2023-06-08,2024-04-20,Ended,Add Seats
SUB_CUST_0451_3,CUST_0451,Enterprise,0,0,2024-04-20,,Churned,Customer Churn
SUB_CUST_0452_1,CUST_0452,Starter,10,80,2022-01-14,2023-01-07,Ended,New Customer
SUB_CUST_0452_2,CUST_0452,Starter,5,40,2023-01-07,2023-07-20,Ended,Remove Seats
SUB_CUST_0452_3,CUST_0452,Starter,10,80,2023-07-20,2024-05-21,Ended,Add Seats
SUB_CUST_0452_4,CUST_0452,Starter,0,0,2024-05-21,,Churned,Customer Churn
SUB_CUST_0453_1,CUST_0453,Enterprise,50,1250,2022-02-08,2022-11-25,Ended,New Customer
SUB_CUST_0453_2,CUST_0453,Professional,50,750,2022-11-25,,Active,Downgrade Plan
SUB_CUST_0454_1,CUST_0454,Starter,5,40,2022-10-27,,Active,New Customer
SUB_CUST_0455_1,CUST_0455,Professional,5,75,2022-01-12,2022-05-31,Ended,New Customer
SUB_CUST_0455_2,CUST_0455,Professional,0,0,2022-05-31,,Churned,Customer Churn
SUB_CUST_0456_1,CUST_0456,Enterprise,5,125,2023-10-21,,Active,New Customer
SUB_CUST_0457_1,CUST_0457,Professional,5,75,2022-04-23,2022-11-08,Ended,New Customer
SUB_CUST_0457_2,CUST_0457,Enterprise,5,125,2022-11-08,,Active,Upgrade Plan
SUB_CUST_0458_1,CUST_0458,Professional,25,375,2022-10-04,2023-02-27,Ended,New Customer
SUB_CUST_0458_2,CUST_0458,Professional,0,0,2023-02-27,,Churned,Customer Churn
SUB_CUST_0459_1,CUST_0459,Starter,25,200,2023-09-26,2023-11-03,Ended,New Customer
SUB_CUST_0459_2,CUST_0459,Starter,30,240,2023-11-03,,Active,Add Seats
SUB_CUST_0460_1,CUST_0460,Professional,25,375,2022-04-09,2022-06-15,Ended,New Customer
SUB_CUST_0460_2,CUST_0460,Professional,50,750,2022-06-15,2022-12-16,Ended,Add Seats
SUB_CUST_0460_3,CUST_0460,Professional,40,600,2022-12-16,2023-08-27,Ended,Remove Seats
SUB_CUST_0460_4,CUST_0460,Professional,65,975,2023-08-27,,Active,Add Seats
SUB_CUST_0461_1,CUST_0461,Professional,5,75,2022-08-31,2023-07-06,Ended,New Customer
SUB_CUST_0461_2,CUST_0461,Professional,30,450,2023-07-06,,Active,Add Seats
SUB_CUST_0462_1,CUST_0462,Enterprise,5,125,2023-08-03,2023-11-13,Ended,New Customer
SUB_CUST_0462_2,CUST_0462,Enterprise,5,125,2023-11-13,,Active,Upgrade Plan
SUB_CUST_0463_1,CUST_0463,Professional,100,1500,2023-09-05,2024-03-29,Ended,New Customer
SUB_CUST_0463_2,CUST_0463,Professional,125,1875,2024-03-29,,Active,Add Seats
SUB_CUST_0464_1,CUST_0464,Starter,25,200,2022-09-08,2022-12-05,Ended,New Customer
SUB_CUST_0464_2,CUST_0464,Starter,50,400,2022-12-05,2023-10-12,Ended,Add Seats
SUB_CUST_0464_3,CUST_0464,Starter,50,400,2023-10-12,2024-04-07,Ended,Downgrade Plan
SUB_CUST_0464_4,CUST_0464,Starter,40,320,2024-04-07,,Active,Remove Seats
SUB_CUST_0465_1,CUST_0465,Enterprise,10,250,2024-01-27,,Active,New Customer
SUB_CUST_0466_1,CUST_0466,Starter,5,40,2022-06-05,2023-03-10,Ended,New Customer
SUB_CUST_0466_2,CUST_0466,Starter,5,40,2023-03-10,2023-09-12,Ended,Downgrade Plan
SUB_CUST_0466_3,CUST_0466,Starter,5,40,2023-09-12,2024-04-15,Ended,Remove Seats
SUB_CUST_0466_4,CUST_0466,Starter,0,0,2024-04-15,,Churned,Customer Churn
SUB_CUST_0467_1,CUST_0467,Starter,10,80,2023-10-28,,Active,New Customer
SUB_CUST_0468_1,CUST_0468,Starter,10,80,2023-11-09,2024-05-26,Ended,New Customer
SUB_CUST_0468_2,CUST_0468,Starter,0,0,2024-05-26,,Churned,Customer Churn
SUB_CUST_0469_1,CUST_0469,Starter,50,400,2023-12-21,2024-03-15,Ended,New Customer
SUB_CUST_0469_2,CUST_0469,Starter,75,600,2024-03-15,,Active,Add Seats
SUB_CUST_0470_1,CUST_0470,Enterprise,5,125,2023-03-12,2023-08-23,Ended,New Customer
SUB_CUST_0470_2,CUST_0470,Enterprise,0,0,2023-08-23,,Churned,Customer Churn
SUB_CUST_0471_1,CUST_0471,Professional,50,750,2022-04-29,2023-04-17,Ended,New Customer
SUB_CUST_0471_2,CUST_0471,Enterprise,50,1250,2023-04-17,2023-12-10,Ended,Upgrade Plan
SUB_CUST_0471_3,CUST_0471,Enterprise,0,0,2023-12-10,,Churned,Customer Churn
SUB_CUST_0472_1,CUST_0472,Enterprise,25,625,2022-11-27,2023-09-29,Ended,New Customer
SUB_CUST_0472_2,CUST_0472,Professional,25,375,2023-09-29,2024-05-03,Ended,Downgrade Plan
SUB_CUST_0472_3,CUST_0472,Professional,50,750,2024-05-03,,Active,Add Seats
SUB_CUST_0473_1,CUST_0473,Starter,10,80,2022-07-27,2023-05-10,Ended,New Customer
SUB_CUST_0473_2,CUST_0473,Professional,10,150,2023-05-10,2024-04-18,Ended,Upgrade Plan
SUB_CUST_0473_3,CUST_0473,Professional,5,75,2024-04-18,,Active,Remove Seats
SUB_CUST_0474_1,CUST_0474,Professional,10,150,2022-08-16,2023-01-05,Ended,New Customer
SUB_CUST_0474_2,CUST_0474,Professional,0,0,2023-01-05,,Churned,Customer Churn
SUB_CUST_0475_1,CUST_0475,Starter,10,80,2022-12-27,,Active,New Customer
SUB_CUST_0476_1,CUST_0476,Professional,50,750,2022-11-18,2023-08-07,Ended,New Customer
SUB_CUST_0476_2,CUST_0476,Professional,0,0,2023-08-07,,Churned,Customer Churn
SUB_CUST_0477_1,CUST_0477,Enterprise,10,250,2022-03-03,2022-12-24,Ended,New Customer
SUB_CUST_0477_2,CUST_0477,Enterprise,5,125,2022-12-24,2023-06-06,Ended,Remove Seats
SUB_CUST_0477_3,CUST_0477,Enterprise,5,125,2023-06-06,2024-01-15,Ended,Remove Seats
SUB_CUST_0477_4,CUST_0477,Enterprise,30,750,2024-01-15,2024-03-24,Ended,Add Seats
SUB_CUST_0477_5,CUST_0477,Enterprise,20,500,2024-03-24,,Active,Remove Seats
SUB_CUST_0478_1,CUST_0478,Starter,50,400,2023-09-23,,Active,New Customer
SUB_CUST_0479_1,CUST_0479,Professional,5,75,2022-01-11,2022-03-21,Ended,New Customer
SUB_CUST_0479_2,CUST_0479,Professional,5,75,2022-03-21,2022-07-24,Ended,Remove Seats
SUB_CUST_0479_3,CUST_0479,Professional,30,450,2022-07-24,2022-10-22,Ended,Add Seats
SUB_CUST_0479_4,CUST_0479,Professional,20,300,2022-10-22,2023-01-18,Ended,Remove Seats
SUB_CUST_0479_5,CUST_0479,Starter,20,160,2023-01-18,2023-06-04,Ended,Downgrade Plan
SUB_CUST_0479_6,CUST_0479,Starter,10,80,2023-06-04,,Active,Remove Seats
SUB_CUST_0480_1,CUST_0480,Starter,25,200,2022-03-09,2022-12-26,Ended,New Customer
SUB_CUST_0480_2,CUST_0480,Professional,25,375,2022-12-26,2023-02-22,Ended,Upgrade Plan
SUB_CUST_0480_3,CUST_0480,Professional,30,450,2023-02-22,2023-10-17,Ended,Add Seats
SUB_CUST_0480_4,CUST_0480,Professional,25,375,2023-10-17,2024-04-09,Ended,Remove Seats
SUB_CUST_0480_5,CUST_0480,Professional,0,0,2024-04-09,,Churned,Customer Churn
SUB_CUST_0481_1,CUST_0481,Starter,500,4000,2022-12-03,2023-03-30,Ended,New Customer
SUB_CUST_0481_2,CUST_0481,Starter,510,4080,2023-03-30,2024-02-21,Ended,Add Seats
SUB_CUST_0481_3,CUST_0481,Starter,0,0,2024-02-21,,Churned,Customer Churn
SUB_CUST_0482_1,CUST_0482,Professional,10,150,2022-10-10,2023-05-03,Ended,New Customer
SUB_CUST_0482_2,CUST_0482,Professional,0,0,2023-05-03,,Churned,Customer Churn
SUB_CUST_0483_1,CUST_0483,Starter,10,80,2022-04-17,2022-08-28,Ended,New Customer
SUB_CUST_0483_2,CUST_0483,Starter,5,40,2022-08-28,2023-08-03,Ended,Remove Seats
SUB_CUST_0483_3,CUST_0483,Professional,5,75,2023-08-03,,Active,Upgrade Plan
SUB_CUST_0484_1,CUST_0484,Enterprise,10,250,2022-03-02,2022-05-18,Ended,New Customer
SUB_CUST_0484_2,CUST_0484,Professional,10,150,2022-05-18,2023-04-21,Ended,Downgrade Plan
SUB_CUST_0484_3,CUST_0484,Professional,5,75,2023-04-21,2024-04-17,Ended,Remove Seats
SUB_CUST_0484_4,CUST_0484,Starter,5,40,2024-04-17,,Active,Downgrade Plan
SUB_CUST_0485_1,CUST_0485,Starter,50,400,2023-10-29,,Active,New Customer
SUB_CUST_0486_1,CUST_0486,Professional,25,375,2023-06-29,2024-05-18,Ended,New Customer
SUB_CUST_0486_2,CUST_0486,Enterprise,25,625,2024-05-18,,Active,Upgrade Plan
SUB_CUST_0487_1,CUST_0487,Enterprise,5,125,2022-12-28,2023-11-01,Ended,New Customer
SUB_CUST_0487_2,CUST_0487,Professional,5,75,2023-11-01,2023-12-04,Ended,Downgrade Plan
SUB_CUST_0487_3,CUST_0487,Professional,5,75,2023-12-04,,Active,Remove Seats
SUB_CUST_0488_1,CUST_0488,Professional,10,150,2022-11-16,2023-03-05,Ended,New Customer
SUB_CUST_0488_2,CUST_0488,Starter,10,80,2023-03-05,2023-08-15,Ended,Downgrade Plan
SUB_CUST_0488_3,CUST_0488,Starter,0,0,2023-08-15,,Churned,Customer Churn
SUB_CUST_0489_1,CUST_0489,Professional,25,375,2023-10-20,,Active,New Customer
SUB_CUST_0490_1,CUST_0490,Starter,50,400,2022-11-13,2023-06-20,Ended,New Customer
SUB_CUST_0490_2,CUST_0490,Starter,40,320,2023-06-20,2023-12-24,Ended,Remove Seats
SUB_CUST_0490_3,CUST_0490,Starter,30,240,2023-12-24,2024-03-23,Ended,Remove Seats
SUB_CUST_0490_4,CUST_0490,Starter,0,0,2024-03-23,,Churned,Customer Churn
SUB_CUST_0491_1,CUST_0491,Professional,100,1500,2023-11-25,,Active,New Customer
SUB_CUST_0492_1,CUST_0492,Professional,50,750,2023-09-15,2023-11-10,Ended,New Customer
SUB_CUST_0492_2,CUST_0492,Professional,75,1125,2023-11-10,,Active,Add Seats
SUB_CUST_0493_1,CUST_0493,Enterprise,10,250,2022-05-22,2022-08-05,Ended,New Customer
SUB_CUST_0493_2,CUST_0493,Enterprise,10,250,2022-08-05,2022-10-14,Ended,Upgrade Plan
SUB_CUST_0493_3,CUST_0493,Enterprise,5,125,2022-10-14,2023-06-06,Ended,Remove Seats
SUB_CUST_0493_4,CUST_0493,Enterprise,5,125,2023-06-06,2024-05-06,Ended,Remove Seats
SUB_CUST_0493_5,CUST_0493,Enterprise,5,125,2024-05-06,,Active,Upgrade Plan
SUB_CUST_0494_1,CUST_0494,Starter,5,40,2024-02-07,,Active,New Customer
SUB_CUST_0495_1,CUST_0495,Starter,50,400,2023-03-21,2023-08-16,Ended,New Customer
SUB_CUST_0495_2,CUST_0495,Starter,45,360,2023-08-16,,Active,Remove Seats
SUB_CUST_0496_1,CUST_0496,Enterprise,5,125,2022-01-01,2022-08-23,Ended,New Customer
SUB_CUST_0496_2,CUST_0496,Enterprise,15,375,2022-08-23,2023-01-02,Ended,Add Seats
SUB_CUST_0496_3,CUST_0496,Enterprise,10,250,2023-01-02,2023-11-09,Ended,Remove Seats
SUB_CUST_0496_4,CUST_0496,Enterprise,35,875,2023-11-09,,Active,Add Seats
SUB_CUST_0497_1,CUST_0497,Enterprise,5,125,2023-06-24,2023-10-31,Ended,New Customer
SUB_CUST_0497_2,CUST_0497,Professional,5,75,2023-10-31,2023-12-02,Ended,Downgrade Plan
SUB_CUST_0497_3,CUST_0497,Professional,15,225,2023-12-02,,Active,Add Seats
SUB_CUST_0498_1,CUST_0498,Professional,10,150,2022-04-23,2023-02-09,Ended,New Customer
SUB_CUST_0498_2,CUST_0498,Professional,0,0,2023-02-09,,Churned,Customer Churn
SUB_CUST_0499_1,CUST_0499,Professional,250,3750,2023-01-24,2023-06-27,Ended,New Customer
SUB_CUST_0499_2,CUST_0499,Professional,0,0,2023-06-27,,Churned,Customer Churn
SUB_CUST_0500_1,CUST_0500,Professional,50,750,2023-12-14,,Active,New Customer
